Species,2005L2-85,2005L2-77,2005L2-84,2005L2-82,2005L2-81,2005L2-80,2005L2-83,2005L2-76
Ascochyta Ascochyta_rabiei,65519,38231,35021,33999,44713,38002,54287,46276
Antrodia unidentified,54863,27195,30144,25255,37759,27791,41989,38459
Talaromyces Talaromyces_ruber,36774,22190,19972,19457,24529,21178,30379,25114
Penicillium Penicillium_corylophilum,11623,7096,6140,6248,7141,6467,10084,7650
unidentified Didymellaceae_sp,3513,2232,2228,2027,2334,2145,2982,2803
Ceramothyrium Ceramothyrium_melastoma,3387,1932,1750,1696,2168,1852,2936,2303
unidentified unidentified,3428,1625,1657,1418,1959,1655,2641,2150
Rhizoctonia Rhizoctonia_fusispora,2643,1246,1605,1137,1412,1214,2003,1747
Toninia Toninia_physaroides,1583,1035,1278,972,1064,1048,1413,1424
Antrodia Antrodia_albida,1535,872,986,711,1134,830,1173,1250
Geastrum Geastrum_lageniforme,1558,528,894,657,280,673,1722,455
Malassezia Malassezia_restricta,865,413,432,395,527,399,772,543
Antrodia Antrodia_macra,565,299,404,290,421,364,451,481
Antrodia Antrodia_tanakae,418,247,266,218,285,240,340,336
Ascochyta Ascochyta_phacae,383,256,288,207,279,207,337,327
Xenodidymella Xenodidymella_humicola,325,219,201,150,241,214,309,257
Saccharomyces Saccharomyces_cerevisiae,383,140,193,157,192,152,328,229
Ganoderma Ganoderma_neojaponicum,186,106,165,117,169,138,194,165
Ilyonectria Ilyonectria_robusta,220,136,124,154,129,104,223,141
Lasiodiplodia Lasiodiplodia_citricola,64,124,42,141,54,68,282,77
Acanthostigma Acanthostigma_multiseptatum,138,81,105,76,91,88,132,131
Malassezia unidentified,136,77,96,88,83,72,121,118
Didymella Didymella_applanata,125,100,84,73,85,89,134,91
Fusarium Fusarium_solani,52,99,20,95,78,66,193,72
Helvella Helvella_vespertina,108,78,79,70,74,59,82,89
Ophiocordyceps Ophiocordyceps_lanpingensis,151,42,74,60,54,59,96,58
Didymella Didymella_boeremae,77,62,84,65,69,59,81,79
Calophoma Calophoma_aquilegiicola,83,51,77,50,73,57,84,77
Talaromyces Talaromyces_amestolkiae,102,58,47,50,74,57,77,50
Trichomerium Trichomerium_foliicola,105,55,45,43,53,47,85,59
Gibberella Gibberella_intricans,190,2,87,1,7,90,0,90
Fusarium Fusarium_pseudensiforme,39,66,16,60,37,45,101,46
Geoglossum Geoglossum_difforme,62,41,49,47,26,39,66,46
Cryptococcus Cryptococcus_neoformans,72,28,37,51,23,37,63,46
Geoglossum Geoglossum_simile,69,37,37,35,39,35,60,30
Auxarthron Auxarthron_pseudauxarthron,55,34,48,32,39,41,47,44
Ramulispora Ramulispora_sorghi,69,34,36,24,40,25,53,51
Strigula Strigula_guangxiensis,59,37,33,21,36,38,53,55
Podospora Podospora_austroamericana,25,77,12,47,68,20,13,53
Fusarium Fusarium_oxysporum,61,28,30,32,30,34,53,39
Umbilicaria Umbilicaria_torrefacta,36,31,40,37,44,30,35,46
Rhodotorula Rhodotorula_mucilaginosa,32,53,27,57,41,27,21,33
Metarhizium Metarhizium_robertsii,53,35,25,25,45,21,27,51
Corynespora unidentified,128,0,59,0,0,31,0,59
Serendipita Serendipita_vermifera,37,20,27,32,22,63,41,25
Ascochyta Ascochyta_medicaginicola,24,27,7,41,22,28,79,23
Mortierella Mortierella_horticola,21,46,13,29,56,22,8,55
Dendroclathra Dendroclathra_lignicola,108,0,49,0,0,48,3,39
Mortierella Mortierella_capitata,21,31,13,19,68,20,6,57
Apiotrichum Apiotrichum_dehoogii,16,31,11,19,75,21,1,57
Calophoma Calophoma_clematidina,53,23,25,20,29,18,31,30
Melanconis Melanconis_desmazieri,14,37,24,37,20,11,68,17
Nothophoma Nothophoma_infossa,39,34,26,20,22,23,33,29
Purpureocillium Purpureocillium_lavendulum,26,47,13,28,34,18,11,36
Gamsia Gamsia_simplex,13,48,12,27,38,14,4,43
Entoloma Entoloma_hebes,30,13,32,15,19,23,29,32
Saccharomyces Saccharomyces_eubayanus,35,14,18,12,18,18,41,26
Nothophoma Nothophoma_arachidis-hypogaeae,32,18,24,12,27,15,28,19
Plectosphaerella Plectosphaerella_alismatis,29,16,16,19,27,18,30,17
Coprinopsis Coprinopsis_calospora,17,47,2,20,27,25,0,32
Fusarium Fusarium_fujikuroi,77,0,32,0,2,24,0,34
Fusarium Fusarium_keratoplasticum,20,22,7,18,28,8,39,24
Purpureocillium Purpureocillium_lilacinum,25,23,15,15,32,13,13,27
Talaromyces Talaromyces_cnidii,20,18,21,9,22,19,21,24
Acrocalymma Acrocalymma_cycadis,20,16,22,22,16,20,14,22
Clavulina Clavulina_samuelsii,27,17,22,18,9,18,14,21
Talaromyces Talaromyces_macrosporus,30,15,18,12,15,14,21,21
Vishniacozyma Vishniacozyma_victoriae,34,25,12,12,11,13,18,19
Didymella Didymella_lentis,24,12,23,9,20,13,21,20
Scytalidium Scytalidium_lignicola,53,0,33,1,2,25,0,28
Musicillium Musicillium_theobromae,54,1,23,2,1,21,11,29
Trichoderma unidentified,21,16,6,15,22,13,23,22
Aspergillus Aspergillus_bisporus,22,15,17,14,14,11,27,15
Xenodidymella Xenodidymella_applanata,15,16,19,4,16,18,27,17
Wallrothiella Wallrothiella_subiculosa,29,9,16,10,9,12,24,12
Metarhizium Metarhizium_minus,16,26,4,18,19,5,5,27
Coprinopsis Coprinopsis_pachyderma,12,14,6,14,17,13,34,10
Phanerochaete Phanerochaete_xerophila,26,10,17,8,6,10,19,21
Protoparmelia Protoparmelia_isidiata,22,4,12,4,18,22,19,14
Plectosphaerella Plectosphaerella_oratosquillae,17,19,6,15,12,9,26,9
Mortierella Mortierella_ambigua,7,28,5,9,21,12,6,22
Cladorrhinum Cladorrhinum_flexuosum,5,13,5,17,8,8,49,5
Talaromyces Talaromyces_brunneus,6,19,8,16,21,10,3,24
Paecilomyces Paecilomyces_verrucosus,16,10,7,9,16,18,14,16
Apiotrichum Apiotrichum_sp,8,16,3,16,34,2,0,26
Fusarium Fusarium_neocosmosporiellum,12,14,5,13,7,16,24,14
Lactarius Lactarius_saponaceus,17,0,82,1,2,0,0,0
Wallemia Wallemia_hederae,27,4,11,18,5,4,28,2
Acrostalagmus Acrostalagmus_luteoalbus,18,14,8,18,5,11,16,8
Acremonium Acremonium_stromaticum,21,6,10,7,8,13,19,11
Neostrelitziana Neostrelitziana_acaciigena,18,10,9,6,9,13,11,14
Talaromyces Talaromyces_derxii,14,12,8,14,9,9,13,10
Corallomycetella Corallomycetella_repens,18,6,13,15,4,7,21,3
Thielaviopsis Thielaviopsis_cerberus,15,6,11,9,10,7,16,13
Acanthocorticium Acanthocorticium_brueggemannii,11,9,8,16,10,10,15,7
Idriella Idriella_lunata,6,6,11,6,7,8,27,13
Phialophora Phialophora_cyclaminis,20,5,8,13,6,8,20,4
Didymella Didymella_rumicicola,11,12,11,10,10,6,12,12
Penicillium Penicillium_melinii,9,12,10,9,7,10,11,15
Kazachstania Kazachstania_naganishii,14,6,11,9,11,11,9,12
Boeremia Boeremia_noackiana,11,4,5,12,13,9,11,17
Trichoderma Trichoderma_longipilis,9,8,8,15,13,8,5,15
Staphylotrichum unidentified,6,13,4,17,17,4,5,13
Buglossoporus unidentified,11,7,14,4,6,9,13,13
Calophoma Calophoma_complanata,17,8,9,8,6,4,9,16
Clonostachys Clonostachys_rosea,8,12,5,9,2,8,23,9
Talaromyces Talaromyces_stollii,15,11,13,5,5,6,8,12
Fusarium Fusarium_nematophilum,14,4,6,4,5,8,20,14
Malassezia Malassezia_globosa,28,1,5,6,9,7,5,12
Trichoderma Trichoderma_spirale,7,15,3,12,15,8,5,7
Neobambusicola Neobambusicola_strelitziae,12,6,12,5,8,4,6,19
Cryptococcus Cryptococcus_gattii,15,5,14,10,3,9,10,4
Sagenomella Sagenomella_oligospora,5,9,1,18,19,5,0,13
Macgarvieomyces Macgarvieomyces_borealis,17,8,9,6,1,5,16,8
Metarhizium Metarhizium_marquandii,8,11,7,9,17,2,1,14
Schaereria Schaereria_fuscocinerea,6,13,12,6,7,10,10,4
Arachnotheca Arachnotheca_glomerata,12,18,6,10,9,2,2,9
Jimtrappea Jimtrappea_guyanensis,12,5,13,5,8,6,7,12
Staphylotrichum Staphylotrichum_boninense,1,11,7,10,19,3,0,14
Bionectria Bionectria_wenpingii,6,8,7,17,5,8,12,1
Xenoseptoria Xenoseptoria_neosaccardoi,9,6,14,9,3,4,6,11
Cosmospora unidentified,9,7,1,4,10,19,3,9
Peniophora Peniophora_incarnata,18,3,5,7,5,8,12,4
Didymella Didymella_microchlamydospora,14,5,10,5,4,8,7,7
Penicillium Penicillium_atrolazulinum,13,5,4,4,7,5,7,10
Pannaria Pannaria_multifida,9,4,4,5,6,10,11,6
Nigrospora Nigrospora_oryzae,24,0,10,0,0,7,0,13
Talaromyces Talaromyces_minioluteus,8,3,3,5,9,8,9,8
Corynespora Corynespora_torulosa,28,0,14,0,1,5,0,5
Thermoascus Thermoascus_aurantiacus,6,1,9,5,4,8,11,8
Dactylonectria Dactylonectria_anthuriicola,11,6,3,3,1,11,9,7
unidentified Ceratobasidiaceae_sp,4,8,6,2,7,5,8,9
Apiotrichum Apiotrichum_scarabaeorum,13,1,9,4,0,6,14,2
Talaromyces Talaromyces_euchlorocarpius,8,8,9,1,4,1,8,9
Ceriporia Ceriporia_excelsa,12,1,8,1,3,7,5,11
Cladosporium Cladosporium_dominicanum,4,2,10,23,2,0,7,0
Leucoagaricus Leucoagaricus_viridiflavus,5,14,3,6,7,4,1,8
Wickerhamomyces Wickerhamomyces_pijperi,1,4,0,0,1,41,0,0
Plectosphaerella Plectosphaerella_cucumerina,14,1,7,0,1,19,1,4
Plenodomus Plenodomus_visci,3,5,4,6,9,7,6,5
Paecilomyces unidentified,9,9,2,8,7,3,2,5
Antrodia Antrodia_mappa,7,1,4,4,5,3,12,8
Volutella unidentified,0,0,0,0,0,44,0,0
Octaviania Octaviania_tasmanica,8,2,6,4,8,4,4,7
Acrocalymma Acrocalymma_fici,2,7,5,8,3,6,10,2
Parmelinella Parmelinella_wallichiana,8,5,7,4,3,3,5,7
Psathyrella Psathyrella_umbrina,4,5,11,5,4,4,4,5
Xenodidymella Xenodidymella_asphodeli,2,2,8,9,9,0,4,7
Trichoderma Trichoderma_inhamatum,4,8,1,14,6,1,0,6
Malassezia Malassezia_obtusa,8,6,2,3,5,4,6,6
Trichocoma Trichocoma_paradoxa,11,6,2,1,4,2,7,7
Sarocladium Sarocladium_implicatum,0,0,1,0,0,0,0,38
Candelaria Candelaria_concolor,6,14,2,3,0,7,1,6
Trichoderma Trichoderma_crassum,3,5,4,6,9,3,1,7
Peltula Peltula_auriculata,7,1,5,4,6,3,5,6
Rhodocybe Rhodocybe_gemina,4,5,4,4,4,4,3,6
Ganoderma Ganoderma_ramosissimum,3,4,8,6,3,1,1,8
Tricholoma Tricholoma_japonicum,7,4,4,4,1,3,7,4
Acremonium Acremonium_nepalense,7,4,4,3,2,2,9,2
Spiromastix unidentified,4,6,4,4,4,2,5,4
Paraboeremia Paraboeremia_selaginellae,2,8,0,3,3,3,6,6
Meira Meira_argovae,1,0,1,22,2,0,4,1
Didymella Didymella_calidophila,5,4,2,4,3,5,6,2
Coprinus Coprinus_pinetorum,7,6,0,1,3,3,0,11
Vanderwaltozyma Vanderwaltozyma_polyspora,5,3,4,5,2,2,2,8
Verrucoconiothyrium Verrucoconiothyrium_nitidae,7,1,2,2,7,3,5,4
Tyromyces Tyromyces_chioneus,3,2,7,4,2,4,4,5
Spencermartinsiella unidentified,3,2,3,2,8,2,0,10
Trichoglossum Trichoglossum_walteri,3,2,5,1,3,3,5,8
Sowerbyella Sowerbyella_rhenana,4,3,3,3,5,5,4,3
Filobasidium Filobasidium_magnum,1,2,0,4,2,5,9,7
Russula Russula_siamensis,1,6,3,1,9,2,0,8
Ceratocystis Ceratocystis_radicicola,6,7,1,4,2,0,6,4
Gongronella unidentified,2,7,1,5,6,3,0,5
Microascus Microascus_trigonosporus,1,12,0,0,0,3,0,13
Inaequalispora Inaequalispora_prestonii,3,7,3,2,3,6,3,1
Aspergillus Aspergillus_steynii,6,3,2,5,3,1,7,0
Inocybe Inocybe_obscurobadia,2,4,5,1,0,5,9,1
Boletus Boletus_kauffmanii,3,3,4,4,3,1,3,6
Diploschistes Diploschistes_diacapsis,7,2,2,4,2,3,3,4
Mycena Mycena_laevigata,1,4,3,3,4,4,6,2
Chrysosporium Chrysosporium_pilosum,2,2,7,2,2,2,7,3
Cordyceps Cordyceps_bassiana,3,9,3,7,1,1,3,0
Fusarium Fusarium_albosuccineum,6,2,3,4,2,3,4,3
Acremonium Acremonium_alcalophilum,1,4,4,5,2,2,4,5
Acremonium Acremonium_polychromum,5,1,0,1,2,6,5,7
Diaporthe Diaporthe_eucalyptorum,1,5,3,3,3,1,5,6
Cordana Cordana_terrestris,4,4,1,0,8,2,6,2
Epicoccum Epicoccum_henningsii,3,2,6,6,3,2,2,3
Allophoma Allophoma_piperis,8,2,3,2,3,2,4,3
Geastrum Geastrum_mirabile,7,1,1,4,1,1,9,2
Stachybotrys Stachybotrys_microspora,10,0,5,0,0,8,0,3
Xerochrysium Xerochrysium_dermatitidis,8,2,0,2,5,3,3,3
Jaapia Jaapia_ochroleuca,7,2,4,2,1,5,2,3
Xenocalonectria Xenocalonectria_serpens,4,3,2,4,3,0,8,2
Microascus Microascus_intricatus,1,4,1,4,8,1,1,6
Talaromyces Talaromyces_subinflatus,4,2,4,1,4,1,2,8
Pulchromyces Pulchromyces_fimicola,9,2,2,3,2,0,3,4
Gongronella Gongronella_butleri,8,4,1,0,6,3,0,3
Inocybe Inocybe_ochracea,5,2,2,1,0,2,11,2
Hygrophorus Hygrophorus_mesotephrus,5,3,3,2,2,2,3,5
Dactylellina Dactylellina_cionopaga,7,0,6,2,2,0,5,3
Fusarium Fusarium_domesticum,5,3,3,1,1,2,6,4
Scedosporium Scedosporium_dehoogii,4,0,1,1,1,1,11,6
Subramaniula Subramaniula_obscura,0,7,3,2,8,1,0,3
Acremonium Acremonium_hennebertii,8,1,0,2,0,0,7,5
Chaetomium Chaetomium_acropullum,1,5,0,1,6,4,1,5
Beauveria unidentified,3,4,1,5,3,2,2,3
Acremonium Acremonium_furcatum,8,2,3,1,0,2,5,2
Cladosporium Cladosporium_fusiforme,2,0,5,6,0,7,2,0
Hygrocybe Hygrocybe_splendidissima,4,3,4,2,2,1,4,2
Cunninghamella Cunninghamella_homothallica,15,0,4,0,1,0,0,2
Lauriomyces Lauriomyces_bellulus,4,4,0,1,2,3,2,6
Clonostachys Clonostachys_divergens,4,6,3,1,2,0,3,3
Gilkeya Gilkeya_compacta,4,2,1,4,0,3,3,4
Beauveria Beauveria_felina,7,2,2,3,1,2,1,3
Paecilomyces Paecilomyces_divaricatus,2,2,5,2,4,1,1,4
Didymella Didymella_anserina,2,3,5,3,3,1,0,4
Fibroporia Fibroporia_albicans,3,3,2,2,2,3,2,3
Acremonium Acremonium_hyalinulum,6,0,2,0,1,6,1,4
Cladosporium Cladosporium_sphaerospermum,2,1,2,6,0,2,6,1
Trichoderma Trichoderma_harzianum,2,5,2,1,5,1,2,2
Talaromyces Talaromyces_viridulus,3,2,4,2,2,1,3,3
Wardomycopsis unidentified,2,10,0,0,0,0,1,7
Austroplaca Austroplaca_soropelta,4,1,3,1,3,3,3,2
Lachnum Lachnum_hyalopus,2,1,2,4,1,3,3,4
Pseudorobillarda Pseudorobillarda_phragmitis,1,4,0,3,7,1,1,3
Talaromyces Talaromyces_panamensis,2,2,0,2,0,5,4,5
Termitomyces Termitomyces_heimii,1,1,4,1,3,1,5,3
Periconia Periconia_byssoides,6,2,5,0,1,1,0,4
Trebouxia Trebouxia_decolorans,4,3,0,0,0,2,10,0
Athelopsis Athelopsis_lembospora,0,2,1,4,1,9,0,2
Metarhizium Metarhizium_anisopliae,6,4,1,1,3,0,2,2
Mycosphaerella Mycosphaerella_molleriana,3,2,0,1,3,6,3,1
Punctulariopsis Punctulariopsis_subglobispora,0,5,1,0,4,0,5,4
Alboleptonia Alboleptonia_sericella,5,1,0,2,3,0,2,6
Penicillium Penicillium_megasporum,4,1,1,3,2,4,3,1
Conocybe Conocybe_fiorii,1,2,4,2,1,1,1,7
Conlarium unidentified,2,6,0,4,0,2,2,2
Melanocarpus Melanocarpus_albomyces,1,2,3,5,1,3,1,2
Paxillus Paxillus_cuprinus,4,1,0,3,4,3,0,3
Staphylotrichum Staphylotrichum_coccosporum,3,3,2,2,3,2,1,2
Talaromyces Talaromyces_aurantiacus,1,1,1,4,2,2,3,4
Boeremia Boeremia_lycopersici,4,1,4,1,2,1,2,3
Psathyrella Psathyrella_luteopallida,2,6,0,0,3,1,4,2
Saccharomyces Saccharomyces_mikatae,1,3,3,1,2,1,4,2
Ramicandelaber unidentified,0,3,2,0,7,0,0,5
Durianella Durianella_echinulata,1,2,4,3,1,4,1,1
Rhinocladium Rhinocladium_lesnei,2,3,1,2,5,1,2,1
Antrodia Antrodia_heteromorpha,2,0,0,3,2,1,6,3
Phialosimplex Phialosimplex_chlamydosporus,5,0,5,0,0,2,2,3
Trichoderma Trichoderma_afroharzianum,5,2,1,0,2,0,6,1
Pochonia unidentified,5,0,0,4,5,0,1,2
Leiothecium Leiothecium_cristatum,5,1,0,1,1,1,5,3
Geastrum Geastrum_campestre,4,0,4,1,0,1,5,2
Sarocladium Sarocladium_kiliense,1,2,0,2,3,2,4,3
Phomatodes Phomatodes_aubrietiae,0,3,0,0,2,4,7,0
Aureobasidium Aureobasidium_namibiae,3,0,2,1,1,0,5,4
Metacordyceps Metacordyceps_chlamydosporia,1,4,2,1,5,0,1,2
Myrmecridium unidentified,0,0,0,0,0,16,0,0
Lepiota Lepiota_apatelia,1,0,0,3,8,0,0,4
Stagonosporopsis Stagonosporopsis_helianthi,3,1,1,1,3,0,4,3
Afroboletus Afroboletus_luteolus,3,2,0,3,1,1,0,6
Acrocalymma Acrocalymma_walkeri,4,1,2,3,0,1,5,0
Synchaetomella Synchaetomella_acerina,1,0,2,2,3,1,2,4
Penicillium Penicillium_fennelliae,3,0,2,3,1,0,4,2
Holtermannia Holtermannia_corniformis,4,1,2,1,3,2,2,0
Saksenaea Saksenaea_oblongispora,0,1,0,1,5,4,1,3
Jahnula Jahnula_aquatica,4,0,0,3,1,1,5,1
Marchandiomyces Marchandiomyces_corallinus,2,1,1,2,0,2,5,2
Polyschema Polyschema_sclerotigenum,1,3,0,3,2,2,3,1
Psathyrella Psathyrella_magnispora,1,2,2,2,2,2,1,3
Costatisporus Costatisporus_cyanescens,1,2,5,1,0,2,2,2
Sistotrema Sistotrema_raduloides,2,1,3,2,2,2,0,2
Hawksworthiomyces Hawksworthiomyces_lignivorus,2,3,0,6,0,3,0,0
Humicola Humicola_phialophoroides,3,0,1,3,1,0,5,1
Chrysosporium Chrysosporium_lobatum,4,1,1,0,1,2,5,0
Candida Candida_parapsilosis,3,1,2,1,0,6,0,1
Gongronella Gongronella_koreana,1,0,1,1,3,1,5,2
Talaromyces Talaromyces_stellenboschiensis,3,1,1,0,1,2,4,2
Ganoderma Ganoderma_destructans,5,1,1,1,1,3,1,1
Bispora Bispora_betulina,2,3,3,1,1,2,2,0
Trichophyton Trichophyton_tonsurans,2,3,1,2,1,0,2,3
Alloconiothyrium Alloconiothyrium_aptrootii,2,2,1,1,1,0,3,4
Trechispora Trechispora_sp,7,0,2,0,0,1,0,4
Cunninghamella Cunninghamella_blakesleeana,1,4,0,2,3,2,0,2
Setophoma Setophoma_sacchari,3,1,1,0,1,4,1,2
Candida Candida_boidinii,2,1,2,1,1,5,1,0
Candida Candida_savonica,0,0,1,1,0,3,0,8
Nodulosphaeria Nodulosphaeria_aconiti,3,0,3,0,0,0,3,4
Colletotrichum Colletotrichum_gigasporum,3,2,1,3,1,2,0,1
Chloridium unidentified,2,1,2,1,0,2,5,0
Leucoagaricus Leucoagaricus_ophthalmus,1,0,2,3,0,4,2,1
Odonticium Odonticium_septocystidia,3,3,2,1,1,0,1,1
Acremonium unidentified,2,0,0,10,0,0,0,0
Cephalotrichum Cephalotrichum_asperulum,2,1,0,3,4,1,0,1
Tomentella Tomentella_sublilacina,2,3,1,1,1,1,2,1
Ramularia Ramularia_beticola,2,1,2,3,0,2,0,2
Arthopyrenia Arthopyrenia_salicis,4,1,0,0,1,2,3,1
Caloplaca Caloplaca_sterilis,4,0,1,2,1,1,2,1
Kazachstania Kazachstania_siamensis,1,1,2,3,1,2,1,1
Phanerochaete Phanerochaete_avellanea,2,1,1,0,4,0,3,1
Didymella Didymella_negriana,4,1,0,2,1,1,2,1
Talaromyces Talaromyces_aculeatus,3,1,0,0,1,0,1,6
Aureobasidium Aureobasidium_pullulans,6,0,4,0,0,0,0,2
Sarcogyne Sarcogyne_hypophaeoides,2,0,3,0,3,1,0,3
Phyllosticta Phyllosticta_carissicola,2,2,0,1,1,1,3,2
Massarina Massarina_eburnea,1,2,0,3,1,1,2,2
Inocybe Inocybe_arthrocystis,1,1,0,1,2,2,2,2
Resinomycena Resinomycena_rhododendri,2,0,1,2,0,1,3,2
Roussoella Roussoella_solani,1,4,1,0,2,1,1,1
Cinereomyces Cinereomyces_lindbladii,0,4,2,1,0,0,2,2
Cytospora Cytospora_punicae,1,4,0,0,4,0,0,2
Gliomastix Gliomastix_tumulicola,2,5,0,2,1,0,0,1
Mortierella unidentified,6,0,1,0,0,1,1,2
Crucellisporiopsis Crucellisporiopsis_marquesiae,1,1,1,1,4,1,2,0
Didymella Didymella_clematidis,1,1,1,1,2,2,1,2
Mastigosporium Mastigosporium_album,2,0,1,2,1,2,2,1
Ascobolus Ascobolus_furfuraceus,1,1,0,0,1,0,7,1
Talaromyces Talaromyces_viridis,0,3,1,1,0,1,3,2
Trichoderma Trichoderma_virens,0,4,0,0,3,1,1,2
Ceratorhiza unidentified,6,2,2,1,0,0,0,0
Nigrospora unidentified,3,0,1,0,0,4,0,3
Leptogium Leptogium_pseudofurfuraceum,2,0,2,0,1,3,1,1
Erythrobasidium Erythrobasidium_hasegawianum,0,1,0,4,3,0,1,1
Phellinus Phellinus_andinus,1,0,2,0,0,1,1,5
Stagonosporopsis Stagonosporopsis_dorenboschii,2,1,2,1,0,0,2,2
Sympodiomycopsis Sympodiomycopsis_paphiopedili,0,0,0,9,1,0,0,0
Wallemia Wallemia_sebi,0,1,1,0,1,1,4,2
Papiliotrema Papiliotrema_flavescens,0,1,1,1,0,3,1,3
Ceratobasidium Ceratobasidium_ramicola,0,0,0,0,0,10,0,0
Conocybe Conocybe_striaepes,1,1,1,0,2,1,3,1
Phyllozyma Phyllozyma_linderae,4,0,1,1,1,1,2,0
Daedalea unidentified,2,2,0,0,1,2,0,3
Colletotrichum Colletotrichum_hymenocallidis,0,1,0,0,0,7,1,1
Cryptosporiopsis unidentified,3,1,2,0,1,0,3,0
Microascus Microascus_croci,4,0,2,1,1,0,1,1
Myxocephala Myxocephala_albida,4,1,3,1,0,1,0,0
Ganoderma Ganoderma_flexipes,0,1,1,0,3,1,0,4
Candida Candida_galli,0,1,2,0,0,1,2,3
Echinoderma Echinoderma_echinaceum,2,5,0,0,1,0,0,1
Lopharia Lopharia_cinerascens,1,1,0,0,2,2,2,1
Blastobotrys Blastobotrys_buckinghamii,1,2,1,0,1,3,1,0
Phlebiopsis Phlebiopsis_crassa,1,1,0,0,0,1,2,4
Trichoderma Trichoderma_yunnanense,3,0,5,0,0,1,0,0
Calcarisporiella unidentified,0,0,1,0,4,1,1,2
Fomitopsis unidentified,4,2,0,1,1,0,0,1
Phaeotheca Phaeotheca_triangularis,2,2,1,1,1,0,1,1
Pseudallescheria Pseudallescheria_ellipsoidea,3,0,0,1,0,1,4,0
Phaeosphaeria Phaeosphaeria_podocarpi,3,0,1,2,2,0,0,1
Zopfiella Zopfiella_marina,2,1,0,2,0,1,1,2
Neoidriella Neoidriella_desertorum,0,1,1,1,3,0,0,3
Alternaria Alternaria_alternata,2,0,0,1,0,2,3,1
Myxotrichum Myxotrichum_deflexum,3,0,2,0,1,1,2,0
Phanerochaete Phanerochaete_sordida,2,0,4,1,0,0,2,0
Volvariella Volvariella_bombycina,0,0,2,1,1,2,2,1
Neurospora Neurospora_crassa,0,0,0,1,1,1,0,6
Colletotrichum Colletotrichum_cliviae,0,2,0,0,0,7,0,0
Geastrum Geastrum_morganii,0,1,1,0,2,0,3,2
Cylindrocarpon unidentified,2,0,3,0,3,0,1,0
Trichoderma Trichoderma_calamagrostidis,2,0,1,2,1,1,1,1
Talaromyces Talaromyces_hachijoensis,2,2,0,0,1,1,2,1
Entoloma Entoloma_fumosobrunneum,1,0,1,2,2,1,2,0
Neolecta Neolecta_vitellina,0,2,1,0,2,1,1,2
Setoseptoria Setoseptoria_phragmitis,1,2,1,2,0,1,2,0
Fusarium Fusarium_zealandicum,0,1,1,2,1,3,0,1
Leucoagaricus Leucoagaricus_subcrystallifer,2,1,0,2,0,0,1,2
Trichoderma Trichoderma_asperellum,3,0,1,0,0,2,1,1
Coprinopsis Coprinopsis_insignis,2,2,0,0,0,0,2,2
Psathyrella Psathyrella_typhae,4,0,0,1,1,0,0,2
Ramicandelaber Ramicandelaber_fabisporus,0,4,0,0,2,0,0,2
Pyrenochaeta Pyrenochaeta_lycopersici,0,2,1,1,0,1,1,2
Sagenomella Sagenomella_keratitidis,0,1,2,2,2,0,1,0
Chaetomium unidentified,1,3,0,0,3,0,0,1
Didymella Didymella_rhei,2,0,1,1,0,0,2,2
Saitozyma Saitozyma_flava,1,0,0,2,1,1,3,0
Sarcoporia Sarcoporia_polyspora,1,1,1,0,0,1,2,2
Setophoma Setophoma_vernoniae,2,0,0,0,3,1,1,1
Fusicolla Fusicolla_acetilerea,2,0,0,0,3,0,0,3
Penicillium Penicillium_sclerotiorum,0,0,0,3,2,0,1,2
Rasamsonia Rasamsonia_composticola,3,1,1,0,1,0,1,1
Lectera Lectera_colletotrichoides,4,0,2,1,0,0,1,0
Trametes Trametes_hirsuta,1,0,0,1,2,0,0,3
Keissleriella Keissleriella_taminensis,1,3,1,0,1,0,1,0
Pyrenochaetopsis Pyrenochaetopsis_leptospora,2,0,0,0,0,4,0,1
Phaeocollybia Phaeocollybia_lilacifolia,0,0,1,2,0,3,0,1
Acremonium Acremonium_spinosum,1,0,0,0,0,1,4,1
Cercospora Cercospora_delaireae,5,0,0,0,0,2,0,0
Cylindrocladiella Cylindrocladiella_pseudocamelliae,1,0,1,0,1,1,3,0
Agaricus Agaricus_deserticola,2,1,1,1,0,1,1,0
Hygrocybe Hygrocybe_turunda,2,0,1,0,0,2,2,0
Microdochium Microdochium_colombiense,3,3,0,0,0,1,0,0
Ctenomyces Ctenomyces_serratus,1,1,0,0,1,2,2,0
Cyphellophora Cyphellophora_reptans,2,0,3,0,0,0,2,0
Peniophora Peniophora_laxitexta,2,1,0,0,0,0,2,2
Sporendonema Sporendonema_purpurascens,0,4,0,1,1,0,1,0
Megalospora Megalospora_lopadioides,0,1,0,0,1,2,2,1
Trichophyton Trichophyton_simii,3,1,0,0,1,2,0,0
Nemania Nemania_primolutea,1,1,1,0,0,3,1,0
Sporendocladia Sporendocladia_bactrospora,2,0,2,1,0,1,0,1
Penicillium Penicillium_lemhiflumine,1,1,0,2,0,1,1,1
Ganoderma Ganoderma_australe,1,1,1,2,1,0,0,1
Basidiodendron unidentified,1,1,1,1,2,1,0,0
Clavariadelphus Clavariadelphus_sachalinensis,0,0,2,2,0,3,0,0
Gymnopilus Gymnopilus_junonius,0,0,3,0,1,1,0,2
Lophodermium Lophodermium_juniperinum,2,0,1,0,1,0,1,2
Hannaella Hannaella_phetchabunensis,2,1,0,0,0,0,4,0
Gibberella Gibberella_tricincta,1,1,0,1,0,3,1,0
Rigidoporus Rigidoporus_crocatus,2,0,0,1,0,2,2,0
Geastrum Geastrum_striatum,3,0,1,0,0,0,3,0
Sagenomella unidentified,1,0,1,1,2,0,0,1
Marssonina unidentified,2,1,1,1,0,0,0,1
Hygrophorus Hygrophorus_korhonenii,0,2,0,1,0,0,2,1
Geastrum Geastrum_meridionale,0,0,0,1,0,2,0,3
Bambusaria Bambusaria_bambusae,0,0,1,2,0,0,3,0
Beauveria Beauveria_vermiconia,1,0,3,1,0,0,0,1
Acremonium Acremonium_persicinum,0,0,1,2,0,0,3,0
Falcocladium Falcocladium_turbinatum,0,1,0,1,0,1,3,0
Trichoderma Trichoderma_erinaceum,0,2,0,1,2,0,1,0
Mortierella Mortierella_elongata,0,0,3,0,0,0,2,1
Pluteus Pluteus_longistriatus,1,0,0,2,0,0,3,0
Coprinellus Coprinellus_verrucispermus,4,0,0,0,0,0,2,0
Gyrodon unidentified,1,2,1,1,0,0,1,0
Humicola Humicola_grisea,3,0,0,0,0,1,2,0
Ascotricha Ascotricha_chartarum,3,0,0,1,0,0,2,0
Myrothecium Myrothecium_verrucaria,3,0,2,0,0,1,0,0
Cylindrocladiella Cylindrocladiella_variabilis,1,0,3,0,0,0,1,1
Cladosporium Cladosporium_halotolerans,0,0,1,3,0,1,1,0
Veronaeopsis Veronaeopsis_simplex,0,0,0,3,0,0,0,3
Moesziomyces Moesziomyces_aphidis,1,0,0,2,0,0,0,3
Lentinus Lentinus_crinitus,3,0,1,0,0,0,0,2
Entomocorticium unidentified,0,0,0,2,3,1,0,0
Talaromyces Talaromyces_albobiverticillius,1,0,1,1,1,0,0,2
Nalanthamala Nalanthamala_diospyri,0,1,0,2,2,0,1,0
Cladosporium unidentified,2,0,0,0,0,3,1,0
Lactifluus Lactifluus_luteopus,0,0,0,0,1,0,5,0
Gymnoascus Gymnoascus_petalosporus,0,3,0,1,1,1,0,0
Fusarium Fusarium_delphinoides,0,1,0,1,2,1,1,0
Leucoagaricus Leucoagaricus_orientiflavus,0,0,0,0,3,2,1,0
Vishniacozyma Vishniacozyma_taibaiensis,2,0,1,0,0,0,2,1
Paraxerula Paraxerula_ellipsospora,2,0,0,1,0,1,1,1
Gibellulopsis Gibellulopsis_piscis,1,1,0,0,0,0,3,1
Angustimassarina Angustimassarina_acerina,1,1,0,0,0,0,4,0
Penicillium Penicillium_monsgalena,1,1,2,0,0,0,2,0
Cyphellophora Cyphellophora_pauciseptata,4,0,0,0,1,0,0,1
Xylodon Xylodon_rimosissimus,3,2,1,0,0,0,0,0
Apioplagiostoma Apioplagiostoma_populi,0,1,2,0,1,1,0,1
Readeriella unidentified,0,0,0,0,1,3,1,1
Septobasidium unidentified,0,0,1,0,0,3,2,0
Tricholoma Tricholoma_joachimii,0,0,0,0,2,0,1,3
Ustilago Ustilago_nunavutica,0,0,0,0,5,0,0,0
Agrocybe unidentified,1,1,0,0,0,1,1,1
Fomitiporia Fomitiporia_pentaphylacis,1,0,1,1,0,0,1,1
Rigidoporus Rigidoporus_ulmarius,0,2,0,0,1,0,0,2
Talaromyces Talaromyces_palmae,0,2,0,0,1,0,1,1
Phylloporus Phylloporus_rhodoxanthus,0,0,0,0,0,1,2,2
Aureobasidium Aureobasidium_thailandense,0,0,0,0,0,0,5,0
Colletotrichum Colletotrichum_brevisporum,0,0,0,0,0,5,0,0
Trechispora Trechispora_stellulata,1,0,0,0,2,0,2,0
Baudoinia unidentified,0,1,1,1,0,0,2,0
Glutinoglossum Glutinoglossum_heptaseptatum,1,2,1,0,0,0,1,0
Xylodon Xylodon_erastii,0,1,0,3,0,0,1,0
Coprinus Coprinus_bellulus,1,1,1,0,0,1,1,0
Coprinopsis unidentified,0,3,0,0,0,0,0,2
Umbilicaria Umbilicaria_rigida,2,1,0,0,0,0,0,2
Tomentella Tomentella_atroarenicolor,1,3,0,0,0,0,1,0
Lasiodiplodia Lasiodiplodia_bruguierae,0,2,1,0,0,0,2,0
Stachybotrys unidentified,2,3,0,0,0,0,0,0
Kockovaella Kockovaella_sacchari,0,0,0,1,0,2,2,0
Talaromyces Talaromyces_funiculosus,0,1,1,0,0,1,2,0
Coprinopsis Coprinopsis_bicornis,1,3,0,0,0,1,0,0
Vararia unidentified,1,0,3,1,0,0,0,0
Fusicolla unidentified,2,1,0,0,0,1,1,0
Terana Terana_coerulea,0,1,2,1,0,1,0,0
Eriocybe Eriocybe_chionea,0,1,0,1,2,1,0,0
Arachnomyces Arachnomyces_nodosetosus,1,0,0,0,0,0,4,0
Neokalmusia Neokalmusia_brevispora,5,0,0,0,0,0,0,0
Pacispora Pacispora_scintillans,0,1,0,0,3,0,1,0
Mariannaea Mariannaea_superimposita,1,0,1,0,0,0,3,0
Pluteus Pluteus_nanus,2,0,1,2,0,0,0,0
Zygosaccharomyces Zygosaccharomyces_parabailii,0,0,1,0,0,1,0,3
Saccharomyces Saccharomyces_kudriavzevii,2,2,1,0,0,0,0,0
Xylaria Xylaria_multiplex,2,0,0,1,0,0,0,2
Biscogniauxia Biscogniauxia_citriformis,2,0,1,0,0,0,2,0
Chaetomium Chaetomium_iranianum,0,0,1,0,2,1,0,1
Thyridaria Thyridaria_acaciae,0,1,1,0,0,3,0,0
Malassezia Malassezia_nana,1,1,2,1,0,0,0,0
Hannaella Hannaella_coprosmae,1,1,1,0,1,0,0,1
Ramophialophora Ramophialophora_humicola,2,0,1,1,0,0,1,0
Proliferodiscus unidentified,0,0,1,0,1,0,3,0
Tintelnotia Tintelnotia_destructans,3,0,0,0,1,0,0,1
Xanthoporia Xanthoporia_radiata,1,1,0,0,0,2,0,1
Pestalotiopsis Pestalotiopsis_trachicarpicola,0,0,1,0,0,2,1,1
Lambertella Lambertella_subrenispora,0,1,2,1,1,0,0,0
Burgoa Burgoa_verzuoliana,5,0,0,0,0,0,0,0
Ramaria unidentified,1,0,0,1,0,0,2,1
Hyalorbilia Hyalorbilia_erythrostigma,0,1,0,0,0,3,0,1
Coprinellus Coprinellus_disseminatus,2,0,0,0,0,1,0,2
Meyerozyma Meyerozyma_guilliermondii,0,0,0,3,0,0,2,0
Trichoderma Trichoderma_simmonsii,0,2,0,1,0,0,1,1
Pectenia Pectenia_plumbea,1,0,0,1,0,1,1,1
Xanthomendoza Xanthomendoza_novozelandica,1,0,0,1,2,0,0,1
Conlarium Conlarium_dupliciascosporum,4,0,0,0,0,0,1,0
Leccinellum Leccinellum_crocipodium,1,0,2,0,0,2,0,0
Schizopora Schizopora_flavipora,2,0,0,3,0,0,0,0
Filobasidium Filobasidium_sp,0,0,1,2,0,0,2,0
Microdochium unidentified,1,0,0,0,0,2,0,2
Thielavia unidentified,0,3,0,1,0,1,0,0
Chaetospermum Chaetospermum_camelliae,0,0,1,0,0,4,0,0
Colpoma Colpoma_quercinum,0,0,1,1,0,1,1,1
Chalciporus Chalciporus_pseudorubinellus,2,1,1,0,1,0,0,0
Lecanicillium Lecanicillium_saksenae,1,0,4,0,0,0,0,0
Xenoacremonium Xenoacremonium_recifei,0,0,0,0,0,4,0,0
Inocybe Inocybe_rhodiola,0,1,0,0,1,0,0,2
Rhodotorula Rhodotorula_taiwanensis,0,1,0,1,1,0,0,1
Talaromyces Talaromyces_luteus,1,1,0,0,0,0,2,0
Heterodermia Heterodermia_diademata,1,0,0,0,0,0,1,2
Wallemia Wallemia_mellicola,0,0,0,0,0,0,4,0
Trichoderma Trichoderma_citrinoviride,0,1,1,1,0,0,0,1
Candida Candida_sojae,0,0,0,0,0,4,0,0
Mucor Mucor_nidicola,0,0,2,0,0,0,0,2
Metarhizium Metarhizium_novozealandicum,0,0,1,1,0,2,0,0
Plectania Plectania_melaena,0,0,2,1,0,1,0,0
Pezicula Pezicula_pruinosa,0,1,0,1,1,1,0,0
Saturnispora Saturnispora_diversa,0,0,0,0,0,4,0,0
Achaetomium Achaetomium_macrosporum,0,0,1,0,0,0,2,1
Neoascochyta Neoascochyta_exitialis,0,0,1,0,0,1,1,1
Porpidia Porpidia_striata,1,0,0,1,0,2,0,0
Pyrenochaetopsis Pyrenochaetopsis_pratorum,1,0,0,1,1,0,0,1
Vishniacozyma Vishniacozyma_dimennae,0,0,0,0,0,0,4,0
Aphanoascus Aphanoascus_cinnabarinus,0,1,2,0,0,0,1,0
Curvularia Curvularia_uncinata,2,1,0,0,0,0,0,1
Hyperphyscia Hyperphyscia_adglutinata,1,0,0,0,2,0,0,1
Protocrea Protocrea_pallida,0,0,1,0,0,2,0,1
Tubariomyces Tubariomyces_similis,0,0,2,0,1,0,1,0
Cryptosporiopsis Cryptosporiopsis_brunnea,0,1,0,0,0,3,0,0
Delfinachytrium Delfinachytrium_mesopotamicum,0,0,0,1,1,0,0,2
Chaetomium Chaetomium_murorum,0,2,0,0,1,0,1,0
Luellia Luellia_recondita,0,1,0,0,1,0,2,0
Thelephora Thelephora_corticioides,0,1,1,2,0,0,0,0
Basidiobolus Basidiobolus_magnus,0,2,0,1,0,0,0,1
Wallemia Wallemia_muriae,0,2,0,0,0,0,1,1
Favolaschia Favolaschia_cinnabarina,0,0,0,2,1,1,0,0
Penicillium Penicillium_toxicarium,0,1,0,1,0,1,1,0
Setophaeosphaeria Setophaeosphaeria_badalingensis,1,0,2,0,0,0,1,0
Coniochaeta Coniochaeta_fodinicola,0,0,0,2,0,0,1,1
Scytalidium Scytalidium_ganodermophthorum,0,0,0,1,1,0,1,1
Preussia Preussia_terricola,0,0,0,1,0,1,2,0
Meira Meira_nashicola,0,0,0,1,0,0,3,0
Tyromyces unidentified,0,0,0,1,0,2,1,0
Scytalidium Scytalidium_cuboideum,0,2,0,0,1,1,0,0
Cryptococcus unidentified,0,3,1,0,0,0,0,0
Tubeufia unidentified,0,0,0,1,1,1,1,0
Cortinarius Cortinarius_annulatus,0,1,0,1,0,0,1,1
Usnea Usnea_esperantiana,0,0,0,0,2,0,1,1
Trichoderma Trichoderma_epimyces,0,1,0,0,2,0,0,1
Rhodotorula Rhodotorula_graminis,1,1,0,0,0,0,2,0
Spizellomyces Spizellomyces_acuminatus,1,0,2,0,0,0,1,0
Meira Meira_geulakonigii,1,0,0,1,0,0,0,2
Diplomitoporus Diplomitoporus_rimosus,0,0,1,0,0,0,2,1
Filobasidium Filobasidium_floriforme,0,2,0,1,0,0,0,1
Hyphodontia Hyphodontia_setulosa,0,0,0,0,1,2,1,0
Aspergillus Aspergillus_auricomus,0,3,0,0,0,0,1,0
Gymnascella Gymnascella_hyalinospora,0,1,0,1,1,1,0,0
Microascus Microascus_brevicaulis,0,1,0,0,2,0,0,1
Lepiota Lepiota_echinella,0,1,2,1,0,0,0,0
Arbusculina Arbusculina_fragmentans,0,1,0,1,1,0,0,1
Triparticalcar unidentified,0,0,0,0,3,0,0,1
Leucoagaricus Leucoagaricus_barssii,0,0,0,0,3,0,0,1
Lactifluus Lactifluus_igniculus,1,0,1,1,0,0,1,0
Talaromyces Talaromyces_ptychoconidium,1,0,0,0,0,2,1,0
Cladosporium Cladosporium_velox,1,0,0,0,0,1,2,0
Emericellopsis Emericellopsis_glabra,2,0,0,2,0,0,0,0
Moniliophthora Moniliophthora_roreri,3,0,0,0,0,0,1,0
Lachancea Lachancea_lanzarotensis,1,1,1,0,0,0,1,0
Peniophora Peniophora_piceae,1,1,0,1,0,0,0,1
Polyplosphaeria Polyplosphaeria_fusca,2,0,0,1,0,0,1,0
Hannaella Hannaella_zeae,3,0,0,0,0,0,1,0
Pezicula Pezicula_neosporulosa,1,0,0,1,0,0,2,0
Cystobasidium Cystobasidium_slooffiae,1,0,0,0,1,0,2,0
Geastrum Geastrum_rufescens,2,2,0,0,0,0,0,0
Scutellinia Scutellinia_crinita,3,0,0,0,0,1,0,0
Pseudogymnoascus Pseudogymnoascus_roseus,1,0,1,0,0,0,0,2
Talaromyces Talaromyces_purpureogenus,1,0,1,1,0,0,0,1
Inocybe Inocybe_vulpinella,2,0,0,0,0,1,0,1
Talaromyces Talaromyces_columbinus,2,1,1,0,0,0,0,0
Collarina Collarina_aurantiaca,2,0,0,0,0,0,1,1
Scytalidium unidentified,3,0,0,1,0,0,0,0
Pseudallescheria Pseudallescheria_boydii,1,0,0,0,0,0,3,0
Arrhenia Arrhenia_retiruga,1,0,0,0,2,0,0,1
Neoascochyta Neoascochyta_desmazieri,1,1,1,0,0,1,0,0
Coniochaeta Coniochaeta_gigantospora,2,0,0,1,0,0,1,0
Eilifdahlia Eilifdahlia_dahlii,1,0,0,1,0,1,0,1
Haasiella Haasiella_venustissima,2,0,0,0,1,0,0,1
Scopulariopsis unidentified,1,2,1,0,0,0,0,0
Talaromyces Talaromyces_neofusisporus,2,1,0,0,0,0,1,0
Wickerhamomyces Wickerhamomyces_sydowiorum,3,0,0,0,1,0,0,0
Stachybotrys Stachybotrys_chartarum,2,0,0,0,0,2,0,0
Flagellospora Flagellospora_fusarioides,2,0,0,1,0,0,1,0
Ascosphaera Ascosphaera_subglobosa,1,0,0,1,0,1,1,0
Cercophora unidentified,2,0,0,0,2,0,0,0
Metarhizium Metarhizium_pemphigi,1,0,1,0,1,0,0,1
Amanita Amanita_calyptratoides,1,0,0,1,0,0,1,0
Cudonia Cudonia_lutea,0,1,0,1,0,0,1,0
Candida Candida_insectorum,0,0,0,2,0,0,0,1
Mortierella Mortierella_elongatula,0,0,0,1,1,1,0,0
Aspergillus Aspergillus_astellatus,0,0,0,1,0,0,1,1
Rosellinia Rosellinia_subiculata,0,0,0,1,1,0,1,0
Lactarius Lactarius_purpureus,0,0,0,1,0,0,1,1
Lasiodiplodia Lasiodiplodia_crassispora,0,0,0,1,1,0,0,1
Rhytisma Rhytisma_acerinum,0,0,0,1,1,0,0,1
Calicium Calicium_chlorosporum,1,0,1,1,0,0,0,0
Amanita Amanita_nauseosa,0,0,0,0,1,1,0,1
Postia Postia_duplicata,0,0,0,0,1,0,1,1
Hortaea Hortaea_werneckii,0,0,0,0,3,0,0,0
Cryptococcus Cryptococcus_dimennae,1,0,0,0,0,2,0,0
Pochonia Pochonia_cordycepisociata,0,0,0,0,1,0,0,2
Arachnomyces unidentified,2,0,0,0,0,0,1,0
Scytinostroma Scytinostroma_odoratum,0,0,0,0,2,1,0,0
Mariannaea Mariannaea_samuelsii,0,0,0,0,3,0,0,0
Marasmiellus Marasmiellus_tenerrimus,1,0,0,0,0,1,0,1
Schizothecium unidentified,0,1,0,0,0,0,1,1
Acrodictys Acrodictys_elaeidicola,0,0,0,1,2,0,0,0
Hypoxylon Hypoxylon_pulicicidum,0,2,0,0,1,0,0,0
Penicillium Penicillium_catalonicum,0,0,0,1,0,1,0,1
Didymella Didymella_curtisii,0,2,0,0,0,0,0,1
Bjerkandera Bjerkandera_adusta,2,0,0,0,0,1,0,0
Septoria Septoria_ekmaniana,1,0,0,0,0,0,0,2
Hemileia Hemileia_vastatrix,0,0,0,0,3,0,0,0
Sporobolomyces Sporobolomyces_oryzicola,0,0,0,0,2,0,0,1
Colletotrichum Colletotrichum_sublineola,2,0,0,0,0,0,0,1
Hannaella Hannaella_oryzae,0,2,0,0,0,1,0,0
Phaeococcomyces Phaeococcomyces_catenatus,0,0,1,0,0,0,1,1
Cora Cora_applanata,0,0,1,0,0,1,1,0
Ceriporia Ceriporia_sulphuricolor,0,0,1,0,0,1,0,1
Leptosphaeria Leptosphaeria_polylepidis,0,0,1,0,2,0,0,0
Subramaniula Subramaniula_irregularis,1,0,1,0,1,0,0,0
Podospora Podospora_intestinacea,0,0,1,1,0,0,1,0
Hygrocybe Hygrocybe_acutoconica_var._microspora,0,0,1,0,1,0,0,1
Cyphellophora unidentified,0,1,0,0,0,0,1,1
Trimmatothelopsis Trimmatothelopsis_rhizobola,0,0,1,0,2,0,0,0
Hannaella Hannaella_surugaensis,0,1,0,0,0,2,0,0
Phialemonium Phialemonium_globosum,1,0,0,0,1,0,0,1
Agaricus Agaricus_tollocanensis,1,0,1,1,0,0,0,0
Myochromella Myochromella_boudieri,1,1,0,0,1,0,0,0
Gliomastix unidentified,0,0,1,1,0,1,0,0
Aspergillus Aspergillus_carbonarius,0,0,1,1,0,0,1,0
Meira Meira_miltonrushii,0,0,1,2,0,0,0,0
Siphula Siphula_fastigiata,0,0,1,0,0,2,0,0
Heinemannomyces Heinemannomyces_splendidissimus,0,0,2,0,0,0,1,0
Hygrocybe Hygrocybe_constrictospora,0,0,1,0,0,1,0,1
Entoloma Entoloma_subcollariatum,0,0,1,0,0,1,1,0
Rhodonia Rhodonia_placenta,0,0,1,0,1,1,0,0
Podoscypha Podoscypha_bolleana,1,1,0,0,0,0,0,1
Trechispora Trechispora_laevis,1,0,1,0,0,0,1,0
Sporormiella Sporormiella_minima,0,1,0,1,0,0,0,1
Ganoderma Ganoderma_weberianum,0,0,0,2,0,0,1,0
Amanita Amanita_levistriata,0,1,1,0,0,0,1,0
Ilyonectria Ilyonectria_liriodendri,0,0,0,1,1,0,1,0
Emericellopsis Emericellopsis_humicola,0,0,0,1,0,0,2,0
Agaricus Agaricus_pocillator,0,0,0,1,0,0,0,2
Didymella Didymella_exigua,2,0,0,0,0,0,0,1
Trapelia Trapelia_lilacea,0,0,0,1,1,1,0,0
Exophiala Exophiala_lecanii-corni,1,0,2,0,0,0,0,0
Sphaerellopsis Sphaerellopsis_paraphysata,0,1,0,1,1,0,0,0
Sagenomella Sagenomella_verticillata,1,0,0,1,0,1,0,0
Hygrocybe Hygrocybe_purpureofolia,0,0,1,0,1,1,0,0
Hyphoderma Hyphoderma_nudicephalum,1,1,0,0,0,0,0,1
Acrodictys Acrodictys_peruamazonensis,0,0,1,2,0,0,0,0
Parmelia Parmelia_fraudans,0,0,1,1,0,0,1,0
Vishniacozyma unidentified,0,1,0,0,1,1,0,0
Gyrodontium Gyrodontium_sacchari,0,0,1,0,1,0,1,0
Biatriospora Biatriospora_mackinnonii,1,0,0,0,1,1,0,0
Rigidoporus Rigidoporus_pouzarii,2,0,1,0,0,0,0,0
Fusarium Fusarium_bactridioides,0,0,1,1,1,0,0,0
Neodeightonia Neodeightonia_subglobosa,2,0,1,0,0,0,0,0
Psathyrella Psathyrella_candolleana,0,0,0,0,1,0,0,2
Cyphellophora Cyphellophora_fusarioides,0,0,0,0,0,2,0,1
Ganoderma Ganoderma_multiplicatum,1,0,1,0,0,0,0,1
Lopharia unidentified,1,2,0,0,0,0,0,0
Talaromyces Talaromyces_proteolyticus,0,0,0,0,0,2,0,1
Clavaria Clavaria_flavipes,0,0,0,0,0,2,0,1
Hymenoscyphus Hymenoscyphus_ohakune,2,0,0,0,0,0,1,0
Metarhizium Metarhizium_viride,1,2,0,0,0,0,0,0
Colletotrichum Colletotrichum_taiwanense,1,0,0,2,0,0,0,0
Lasiodiplodia Lasiodiplodia_venezuelensis,1,0,1,0,0,0,0,1
Pseudozyma Pseudozyma_hubeiensis,0,0,0,0,0,0,3,0
Rhodotorula Rhodotorula_babjevae,1,0,0,0,0,1,0,1
Chaetomium Chaetomium_brasiliense,1,0,0,0,2,0,0,0
Aspergillus Aspergillus_leporis,0,0,0,0,0,2,1,0
Lachnum Lachnum_pygmaeum,1,0,0,0,1,1,0,0
Papiliotrema Papiliotrema_pseudoalba,0,1,1,0,0,1,0,0
Arthothelium Arthothelium_spectabile,0,0,0,0,0,0,2,1
Lecythophora Lecythophora_luteoviridis,3,0,0,0,0,0,0,0
Geastrum Geastrum_austrominimum,1,0,0,0,0,0,2,0
Phialea unidentified,0,2,0,0,1,0,0,0
Wirthiotrema Wirthiotrema_duplomarginatum,1,0,1,0,1,0,0,0
Fomitiporia Fomitiporia_gabonensis,1,0,0,0,0,1,0,1
Sakaguchia Sakaguchia_lamellibrachiae,1,0,0,0,1,0,0,1
Stagonosporopsis Stagonosporopsis_crystalliniformis,0,1,0,0,1,0,1,0
Dendryphiella Dendryphiella_paravinosa,0,1,0,0,0,1,1,0
Neostagonospora Neostagonospora_elegiae,0,1,0,0,0,1,1,0
Megasporoporia Megasporoporia_bannaensis,0,0,0,0,1,0,2,0
Postia Postia_carbophila,0,0,0,0,0,0,3,0
Coprinopsis Coprinopsis_fusispora,0,0,0,0,1,0,2,0
Antrodiella Antrodiella_afrocitrina,0,1,0,0,0,1,1,0
Trematosphaeria unidentified,1,1,0,0,0,0,0,1
Talaromyces Talaromyces_allahabadensis,3,0,0,0,0,0,0,0
Cystolepiota Cystolepiota_luteohemisphaerica,1,1,0,0,0,0,0,1
Ascochyta Ascochyta_medicaginicola_var._macrospora,1,0,1,0,1,0,0,0
Pertusaria Pertusaria_corallina,1,0,0,0,0,0,0,2
Arthrobotrys Arthrobotrys_conoides,0,0,0,0,2,0,1,0
Kazachstania Kazachstania_aquatica,1,1,0,0,0,0,1,0
Ampelomyces Ampelomyces_quisqualis,1,0,0,2,0,0,0,0
Tomentella Tomentella_clavigera,1,0,0,0,0,1,1,0
Volutella Volutella_consors,0,0,0,0,0,2,1,0
Oxyporus Oxyporus_populinus,1,0,0,0,2,0,0,0
Cortinarius Cortinarius_neotropicus,3,0,0,0,0,0,0,0
Penicillium Penicillium_quercetorum,1,0,0,0,1,0,0,1
Hypomyces unidentified,0,0,0,0,0,1,2,0
Umbilicaria Umbilicaria_aprina,0,0,0,0,0,0,2,1
Xylaria Xylaria_venustula,0,0,0,0,0,0,2,0
Siphula Siphula_ceratites,0,0,1,1,0,0,0,0
Stromatonectria Stromatonectria_caraganae,0,0,1,0,0,1,0,0
Coprinopsis Coprinopsis_marcescibilis,0,0,1,0,0,1,0,0
Cladorrhinum unidentified,0,0,1,0,0,1,0,0
Lasiodiplodia Lasiodiplodia_mediterranea,0,0,0,0,0,0,1,1
Talaromyces Talaromyces_emodensis,1,0,0,0,0,0,1,0
Phaeosphaeria Phaeosphaeria_juncicola,0,0,0,0,0,0,1,1
Trametes Trametes_cubensis,0,0,1,0,0,0,0,1
Thermomyces Thermomyces_lanuginosus,0,0,0,0,0,0,2,0
Buellia Buellia_halonia,0,0,1,0,1,0,0,0
Bambusicola Bambusicola_massarinia,0,0,1,0,0,0,0,1
Micronematobotrys Micronematobotrys_verrucosus,0,0,1,1,0,0,0,0
Russula Russula_alboareolata,0,0,0,0,0,0,1,1
Hyphodontia Hyphodontia_crustosa,0,0,0,0,0,0,1,1
Conocybe Conocybe_deliquescens,0,0,0,0,0,0,2,0
Didymella Didymella_dactylidis,0,0,0,0,0,0,1,1
Lactarius Lactarius_pomiolens,0,0,1,0,0,1,0,0
Cladophialophora Cladophialophora_proteae,2,0,0,0,0,0,0,0
Genolevuria Genolevuria_amylolytica,0,0,0,0,0,0,0,2
Lentithecium Lentithecium_pseudoclioninum,0,0,0,0,0,0,0,2
Entoloma Entoloma_insidiosum,0,0,0,0,0,0,2,0
Conocybe Conocybe_pallidospora,0,0,0,0,0,0,2,0
Cortinarius Cortinarius_insignibulbus,0,0,1,0,0,0,0,1
Rhodotorula Rhodotorula_diobovata,0,0,1,1,0,0,0,0
Botryobasidium Botryobasidium_subcoronatum,0,0,0,0,0,0,0,2
Tolypocladium Tolypocladium_japonicum,0,0,0,0,0,0,0,2
Sarocladium Sarocladium_subulatum,0,0,0,0,0,0,0,2
Sphaerosporella Sphaerosporella_brunnea,0,0,0,0,0,0,0,2
Clonostachys Clonostachys_phyllophila,0,0,1,0,0,0,1,0
Trichoderma Trichoderma_pseudogelatinosum,0,0,0,0,0,0,0,2
Paraphoma Paraphoma_chrysanthemicola,0,0,0,0,0,0,1,1
Toninia Toninia_ruginosa,0,0,2,0,0,0,0,0
Pezicula Pezicula_heterochroma,0,0,1,1,0,0,0,0
Fusarium Fusarium_asiaticum,0,0,1,0,0,1,0,0
Neonectria unidentified,1,0,0,0,0,0,1,0
Skeletocutis Skeletocutis_odora,0,0,1,0,0,0,0,1
Lophiotrema Lophiotrema_rubi,0,0,0,0,0,0,2,0
Curvularia Curvularia_lunata,0,0,0,0,0,0,2,0
Dentocorticium Dentocorticium_sulphurellum,0,0,1,0,0,0,0,1
Hannaella Hannaella_luteola,1,0,0,0,1,0,0,0
Neodevriesia Neodevriesia_coryneliae,0,0,0,0,0,0,2,0
Austroplaca unidentified,0,0,0,0,0,0,2,0
Peniophora unidentified,1,0,0,0,0,0,1,0
Graphium Graphium_basitruncatum,0,0,0,0,0,0,1,1
Thelonectria Thelonectria_jungneri,2,0,0,0,0,0,0,0
Escovopsis unidentified,0,0,0,0,0,0,2,0
Laetiporus Laetiporus_persicinus,0,0,0,1,0,0,1,0
Penicillium Penicillium_copticola,0,0,0,1,0,0,1,0
Cladophialophora Cladophialophora_chaetospira,0,0,0,1,0,0,1,0
Leptosphaeria Leptosphaeria_marina,0,0,0,1,0,0,1,0
Saccharomycopsis Saccharomycopsis_fodiens,1,0,0,0,0,0,1,0
Setoseptoria Setoseptoria_arundinacea,1,1,0,0,0,0,0,0
Kabatiella Kabatiella_lini,1,0,1,0,0,0,0,0
Engyodontium Engyodontium_album,0,0,0,1,0,0,1,0
Cyberlindnera Cyberlindnera_subsufficiens,0,0,0,2,0,0,0,0
Acarospora Acarospora_cervina,0,0,0,0,0,1,1,0
Xylaria Xylaria_oxyacanthae,0,0,0,1,1,0,0,0
Steccherinum Steccherinum_tenuispinum,0,0,0,0,0,2,0,0
Zopfiella Zopfiella_karachiensis,0,0,0,0,0,2,0,0
Cephaliophora Cephaliophora_tropica,0,0,0,2,0,0,0,0
Gibberella Gibberella_circinata,2,0,0,0,0,0,0,0
Glomerulispora Glomerulispora_mangrovei,0,0,0,0,1,1,0,0
Symmetrospora Symmetrospora_coprosmae,0,0,0,0,1,0,0,1
Piloporia Piloporia_sajanensis,0,0,0,0,1,1,0,0
Curvularia Curvularia_caricae-papayae,0,0,0,0,1,0,1,0
Amauroderma Amauroderma_sprucei,1,0,0,0,1,0,0,0
Melanotaenium Melanotaenium_euphorbiae,0,0,0,0,2,0,0,0
Sydowiella Sydowiella_stellatifolii,2,0,0,0,0,0,0,0
Mortierella Mortierella_alpina,0,0,0,0,1,0,0,1
Claviceps Claviceps_maximensis,0,0,0,0,1,1,0,0
Hydropus unidentified,0,0,0,0,1,1,0,0
Tothia Tothia_spartii,0,0,0,0,1,0,0,1
Phoma Phoma_saxea,0,0,0,0,1,1,0,0
Marasmius Marasmius_torquescens,0,0,0,0,1,1,0,0
Ustilago Ustilago_filiformis,0,0,0,0,1,0,1,0
Helvella Helvella_beatonii,0,0,0,0,1,1,0,0
Manglicola Manglicola_guatemalensis,0,0,0,0,1,0,0,1
Cystolepiota unidentified,0,0,0,1,0,0,0,1
Colletotrichum Colletotrichum_queenslandicum,0,0,0,0,0,1,1,0
Acremonium Acremonium_brachypenium,0,0,0,0,0,1,0,1
Cercospora unidentified,0,0,0,1,0,0,0,1
Devriesia Devriesia_strelitziicola,0,0,0,1,0,0,0,1
Vishniacozyma Vishniacozyma_tephrensis,0,0,0,0,0,1,0,1
Xenophaeosphaeria Xenophaeosphaeria_grewiae,0,0,0,1,0,0,1,0
Cryptodiscus Cryptodiscus_pallidus,0,0,0,0,0,1,1,0
Durella Durella_connivens,0,0,0,0,0,0,1,1
Chromocleista unidentified,0,0,0,1,0,1,0,0
Cladosporium Cladosporium_grevilleae,0,0,0,1,0,1,0,0
Hannaella Hannaella_sinensis,0,0,0,1,0,0,0,1
Auxarthron Auxarthron_zuffianum,0,0,0,1,1,0,0,0
Tetracladium Tetracladium_furcatum,1,0,0,0,0,1,0,0
Helvella Helvella_crispa,0,0,0,0,0,0,1,1
Mortierella Mortierella_zonata,0,0,0,1,1,0,0,0
Sterigmatomyces Sterigmatomyces_elviae,0,0,0,1,0,1,0,0
Dipodascus Dipodascus_geotrichum,0,0,0,0,0,2,0,0
Aureoboletus Aureoboletus_projectellus,0,0,0,0,0,1,1,0
Thelonectria Thelonectria_mammoidea,0,0,0,1,0,1,0,0
Penicillium Penicillium_ochrosalmoneum,0,0,0,0,0,1,0,1
Chaetomium Chaetomium_strumarium,0,0,0,1,0,0,1,0
Rhizoctonia Rhizoctonia_oryzae-sativae,0,0,0,1,0,1,0,0
Rhodotorula Rhodotorula_toruloides,0,0,0,2,0,0,0,0
Hydropunctaria Hydropunctaria_amphibia,0,0,0,1,0,1,0,0
Plenodomus Plenodomus_biglobosus,0,0,0,1,1,0,0,0
Citeromyces Citeromyces_matritensis,0,0,0,1,0,1,0,0
Abrothallus Abrothallus_doliiformis,0,0,0,0,0,1,0,1
Fuscopannaria Fuscopannaria_confusa,0,0,0,1,0,1,0,0
Sarea Sarea_resinae,1,1,0,0,0,0,0,0
Melanoporia Melanoporia_nigra,0,0,0,0,0,1,0,1
Dichotomopilus Dichotomopilus_reflexus,1,0,0,0,0,0,1,0
Clonostachys unidentified,0,0,0,0,0,1,1,0
Tritirachium Tritirachium_oryzae,0,0,1,0,1,0,0,0
Ganoderma Ganoderma_ecuadoriense,0,1,0,0,0,1,0,0
Heterochaete Heterochaete_shearii,0,1,0,1,0,0,0,0
Ceriporia Ceriporia_lacerata,0,1,1,0,0,0,0,0
Candida Candida_sake,0,2,0,0,0,0,0,0
Thelonectria Thelonectria_coronata,0,1,0,0,0,0,1,0
Kuraishia Kuraishia_molischiana,1,0,0,0,1,0,0,0
Stomiopeltis unidentified,2,0,0,0,0,0,0,0
Austroboletus Austroboletus_subvirens,0,1,1,0,0,0,0,0
Ilyonectria Ilyonectria_mors-panacis,1,0,0,0,0,0,0,1
Hypoxylon Hypoxylon_cinnabarinum,0,1,0,0,0,1,0,0
Melanodothis Melanodothis_caricis,1,0,1,0,0,0,0,0
Cylindrocarpostylus Cylindrocarpostylus_gregarius,1,0,0,0,1,0,0,0
Debaryomyces Debaryomyces_hansenii,0,1,0,0,0,0,1,0
Talaromyces Talaromyces_wortmannii,2,0,0,0,0,0,0,0
Dactylonectria Dactylonectria_estremocensis,1,0,0,0,1,0,0,0
Pseudopestalotiopsis Pseudopestalotiopsis_cocos,1,1,0,0,0,0,0,0
Entoloma Entoloma_percoelestinum,1,0,1,0,0,0,0,0
Trichothecium Trichothecium_crotocinigenum,0,1,0,0,1,0,0,0
Tamhinispora Tamhinispora_indica,1,0,0,0,0,0,1,0
Ganoderma Ganoderma_enigmaticum,0,2,0,0,0,0,0,0
Cladosporium Cladosporium_aciculare,1,0,0,0,0,1,0,0
Protostegia Protostegia_eucleae,0,1,0,0,1,0,0,0
Acremonium Acremonium_breve,1,0,0,0,1,0,0,0
Meyerozyma Meyerozyma_caribbica,0,1,0,0,0,0,1,0
Tuber Tuber_pseudomagnatum,1,0,0,0,0,0,0,1
Hypoxylon Hypoxylon_investiens,1,0,0,0,1,0,0,0
Microascus Microascus_expansus,1,0,0,0,0,0,1,0
Phialocephala Phialocephala_humicola,1,0,0,0,1,0,0,0
Multiclavula Multiclavula_calocera,1,0,0,0,0,1,0,0
Talaromyces Talaromyces_oumae-annae,0,1,0,0,0,1,0,0
Auxarthron Auxarthron_thaxteri,1,0,0,0,0,0,0,1
Trypethelium Trypethelium_subeluteriae,0,1,0,1,0,0,0,0
Clavulina Clavulina_monodiminutiva,0,1,0,0,0,1,0,0
Torula Torula_hollandica,1,0,0,0,0,0,0,1
Gymnopilus Gymnopilus_dilepis,2,0,0,0,0,0,0,0
Penicillium Penicillium_macrosclerotiorum,1,1,0,0,0,0,0,0
Cyttaria Cyttaria_hookeri,2,0,0,0,0,0,0,0
Ganoderma Ganoderma_subresinosum,1,0,0,0,0,0,0,1
Orbilia Orbilia_flavidorosella,1,0,0,1,0,0,0,0
Microascus Microascus_campaniformis,1,1,0,0,0,0,0,0
Boletus Boletus_rhodopurpureus,0,1,0,0,0,0,0,1
Entoloma Entoloma_sacchariolens,1,0,0,0,0,0,1,0
Sarocladium Sarocladium_bactrocephalum,1,0,0,0,1,0,0,0
Geastrum Geastrum_albonigrum,0,2,0,0,0,0,0,0
Diutina Diutina_rugosa,1,0,0,1,0,0,0,0
Cladosporium Cladosporium_adianticola,1,0,0,0,1,0,0,0
Mortierella Mortierella_histoplasmatoides,0,1,0,0,0,0,0,1
Sporobolomyces Sporobolomyces_carnicolor,0,1,0,0,0,0,0,1
Cainia Cainia_anthoxanthis,1,0,0,0,0,0,0,1
Psathyrella Psathyrella_lacuum,1,0,0,0,0,0,1,0
Gliocladiopsis Gliocladiopsis_elghollii,1,0,1,0,0,0,0,0
Trichopezizella unidentified,1,0,0,0,1,0,0,0
Steccherinum Steccherinum_fimbriatum,0,1,0,0,1,0,0,0
Ceriporiopsis Ceriporiopsis_resinascens,0,0,1,0,0,0,0,1
Phyllozyma Phyllozyma_novozealandica,1,0,0,0,0,0,0,1
Cladorrhinum Cladorrhinum_brunnescens,0,2,0,0,0,0,0,0
Umbilicaria Umbilicaria_decussata,0,0,2,0,0,0,0,0
Cordana Cordana_solitaria,1,0,0,1,0,0,0,0
Spiromastix Spiromastix_princeps,1,0,0,0,0,0,1,0
Trapeliopsis Trapeliopsis_wallrothii,0,1,0,0,1,0,0,0
Cladia Cladia_moniliformis,1,0,0,0,1,0,0,0
Talaromyces Talaromyces_versatilis,2,0,0,0,0,0,0,0
Coprinopsis Coprinopsis_ochraceolanata,0,1,0,0,0,1,0,0
Amylocystis Amylocystis_lapponica,1,0,0,0,0,0,1,0
Teichospora Teichospora_thailandica,0,0,1,0,0,0,0,1
Arthroderma Arthroderma_gypseum,0,2,0,0,0,0,0,0
Rhopalostroma Rhopalostroma_brevistipitatum,0,0,1,0,0,0,0,1
Tylopilus Tylopilus_orsonianus,0,0,1,0,0,0,0,1
Myrothecium Myrothecium_inundatum,1,0,0,0,0,1,0,0
Chaetomium Chaetomium_globosum,0,1,0,0,0,0,1,0
Hispidoconidioma Hispidoconidioma_alpinum,1,0,0,0,0,0,1,0
Cercospora Cercospora_coniogrammes,2,0,0,0,0,0,0,0
Fusicladium Fusicladium_africanum,0,0,2,0,0,0,0,0
Ceriporia Ceriporia_bubalinomarginata,0,1,0,0,0,0,1,0
Trichoderma Trichoderma_virescentiflavum,0,1,0,1,0,0,0,0
Rozella Rozella_allomycis,0,2,0,0,0,0,0,0
Crocicreas Crocicreas_epicalamia,0,0,0,0,1,0,0,0
Xylaria Xylaria_hypoxylon,1,0,0,0,0,0,0,0
Thekopsora Thekopsora_nipponica,0,0,0,0,0,1,0,0
Diaporthe Diaporthe_litchiicola,0,0,0,0,0,1,0,0
Saitozyma unidentified,0,0,0,0,0,0,1,0
Agaricus Agaricus_parvitigrinus,0,0,0,0,0,1,0,0
Penicillium Penicillium_curticaule,0,0,0,0,0,1,0,0
Caloplaca Caloplaca_duplicata,0,0,0,0,0,1,0,0
Trichoderma Trichoderma_ghanense,0,0,0,0,0,0,1,0
Speiropsis Speiropsis_pedatospora,1,0,0,0,0,0,0,0
Sistotremastrum Sistotremastrum_guttuliferum,0,0,0,0,0,1,0,0
Mortierella Mortierella_chienii,0,1,0,0,0,0,0,0
Colletotrichum Colletotrichum_viniferum,0,0,0,0,0,1,0,0
Campylospora Campylospora_chaetocladia,0,0,0,0,0,1,0,0
Pyrenula Pyrenula_infraleucotrypa,0,0,0,0,0,1,0,0
Curvularia Curvularia_affinis,0,0,0,0,0,1,0,0
Dekkera Dekkera_bruxellensis,0,0,0,0,0,1,0,0
Cyberlindnera unidentified,1,0,0,0,0,0,0,0
Cyanonectria Cyanonectria_buxi,0,1,0,0,0,0,0,0
Blastobotrys Blastobotrys_serpentis,0,0,0,0,0,1,0,0
Corynespora Corynespora_proliferata,1,0,0,0,0,0,0,0
Trechispora Trechispora_stevensonii,0,0,0,0,0,1,0,0
Diaporthe Diaporthe_decedens,0,0,0,0,0,0,1,0
Sarcoporia unidentified,0,0,0,0,0,0,1,0
Phanerochaete unidentified,0,0,0,0,0,0,1,0
Thelonectria Thelonectria_rubi,0,0,0,0,1,0,0,0
Diaporthe Diaporthe_columnaris,1,0,0,0,0,0,0,0
Penicillium Penicillium_menonorum,0,0,0,0,0,0,1,0
Amanita Amanita_kalamundae,0,1,0,0,0,0,0,0
Rhynchostoma Rhynchostoma_proteae,0,0,0,0,0,1,0,0
Hyphopichia Hyphopichia_burtonii,0,0,0,0,0,0,1,0
Nesolechia Nesolechia_oxyspora,0,0,0,0,0,0,1,0
Lasiodiplodia Lasiodiplodia_theobromae,0,0,0,0,0,1,0,0
Sparassis Sparassis_subalpina,0,0,0,0,0,0,1,0
Penicillium Penicillium_kewense,0,0,0,0,0,0,1,0
Myrmecridium Myrmecridium_phragmitis,0,0,0,0,0,0,1,0
Coprinellus Coprinellus_fuscocystidiatus,0,0,0,0,0,0,1,0
Plectosphaerella Plectosphaerella_melonis,0,0,0,0,0,1,0,0
Trichoderma Trichoderma_subsulphureum,1,0,0,0,0,0,0,0
Colletotrichum Colletotrichum_theobromicola,1,0,0,0,0,0,0,0
Sporopachydermia Sporopachydermia_lactativora,0,0,0,0,0,1,0,0
Truncospora Truncospora_floridana,0,0,0,0,0,1,0,0
Neopseudocercospora Neopseudocercospora_terminaliae,0,0,0,0,0,1,0,0
Hyaloscypha Hyaloscypha_fuckelii,0,0,0,0,0,1,0,0
Conicomyces Conicomyces_pseudotransvaalensis,1,0,0,0,0,0,0,0
Sarcodontia Sarcodontia_crocea,0,0,0,0,0,1,0,0
Phlebia Phlebia_floridensis,0,0,0,0,0,1,0,0
Entoloma Entoloma_flavidum,0,0,0,0,0,1,0,0
Paralecia Paralecia_pratorum,1,0,0,0,0,0,0,0
Candelaria Candelaria_fibrosa,0,0,0,0,0,1,0,0
Clitopilus Clitopilus_prunulus,1,0,0,0,0,0,0,0
Botrytis Botrytis_caroliniana,0,0,0,0,0,1,0,0
Blastomyces Blastomyces_dermatitidis,0,0,0,0,0,1,0,0
Acarospora Acarospora_anomala,0,0,0,0,0,1,0,0
Neoastrosphaeriella Neoastrosphaeriella_krabiensis,0,0,0,0,0,1,0,0
Lirula Lirula_exigua,0,0,0,0,0,1,0,0
Lacrymaria Lacrymaria_lacrymabunda,0,0,0,0,0,1,0,0
Preussia Preussia_dubia,0,0,0,0,0,1,0,0
Naumovozyma Naumovozyma_castellii,0,0,0,0,0,1,0,0
Ballistosporomyces Ballistosporomyces_sasicola,0,0,0,0,0,1,0,0
Trichoderma Trichoderma_orientale,0,0,0,0,0,1,0,0
Wickerhamomyces Wickerhamomyces_chaumierensis,0,0,0,0,0,1,0,0
Megacapitula Megacapitula_villosa,0,0,0,0,0,1,0,0
Cyphellophora Cyphellophora_eucalypti,1,0,0,0,0,0,0,0
Hypomyces Hypomyces_perniciosus,1,0,0,0,0,0,0,0
Chaetocladium Chaetocladium_brefeldii,0,1,0,0,0,0,0,0
Fibrodontia Fibrodontia_alba,0,0,0,0,0,1,0,0
Pseudotomentella Pseudotomentella_nigra,0,0,0,0,0,1,0,0
Fusarium Fusarium_cyanostomum,0,0,0,0,0,1,0,0
Rigidoporus unidentified,0,0,0,0,0,1,0,0
Phillipsia Phillipsia_crispata,0,0,0,0,0,1,0,0
Tephromela Tephromela_nashii,0,0,0,0,0,1,0,0
Dichomitus Dichomitus_campestris,0,0,0,0,0,1,0,0
Leucocoprinus Leucocoprinus_cretaceus,0,0,0,0,0,1,0,0
Chalara Chalara_microspora,0,1,0,0,0,0,0,0
Penicillium Penicillium_rubidurum,1,0,0,0,0,0,0,0
Tetrachaetum unidentified,0,0,0,0,0,1,0,0
Leotia unidentified,0,0,0,0,0,1,0,0
Clavulina Clavulina_cinereoglebosa,0,0,0,0,0,1,0,0
Hygrocybe Hygrocybe_roseopallida,0,0,0,0,0,1,0,0
Aciculosporium Aciculosporium_take,0,0,0,0,0,1,0,0
Lophiostoma Lophiostoma_corticola,0,0,0,0,0,1,0,0
Talaromyces Talaromyces_australis,0,0,0,0,0,1,0,0
Polystigma Polystigma_amygdalinum,0,0,0,0,0,1,0,0
Amanita Amanita_japonica,0,0,0,0,0,1,0,0
Helicosporium unidentified,0,0,0,0,0,1,0,0
Geastrum Geastrum_indicum,0,0,0,0,0,1,0,0
Guyanaporus Guyanaporus_albipodus,0,0,0,0,0,1,0,0
Suillus Suillus_ponderosus,0,0,0,0,0,1,0,0
Lasiodiplodia Lasiodiplodia_pseudotheobromae,0,1,0,0,0,0,0,0
Pezicula Pezicula_ocellata,0,0,0,0,0,1,0,0
Trichoderma Trichoderma_phyllostachydis,0,0,0,0,0,0,0,1
Gloeocystidiellum Gloeocystidiellum_convolvens,0,0,0,0,0,0,0,1
Aspergillus Aspergillus_nishimurae,0,0,0,0,0,0,0,1
Clonostachys Clonostachys_miodochialis,0,0,0,0,0,0,0,1
Thelephora Thelephora_caryophyllea,0,0,0,0,0,0,0,1
Ciborinia Ciborinia_allii,0,0,0,0,0,0,0,1
Chaetomium Chaetomium_trigonosporum,0,0,0,0,0,0,0,1
Stagonospora Stagonospora_convolvuli,0,0,0,0,0,0,0,1
Omphalina unidentified,0,0,0,0,0,0,0,1
Moleospora unidentified,0,0,0,0,0,0,0,1
Trechispora unidentified,1,0,0,0,0,0,0,0
Cytospora Cytospora_austromontana,0,0,0,0,0,0,0,1
Fomitiporia Fomitiporia_polymorpha,0,0,0,0,0,0,0,1
Trichophyton Trichophyton_ajelloi,0,0,0,0,0,0,0,1
Abrothallus Abrothallus_acetabuli,0,0,0,0,0,0,0,1
Colletotrichum Colletotrichum_chlorophyti,0,0,0,0,0,0,0,1
Cutaneotrichosporon Cutaneotrichosporon_cyanovorans,1,0,0,0,0,0,0,0
Aureobasidium Aureobasidium_subglaciale,0,0,0,0,0,0,0,1
Biatora Biatora_vernalis,0,0,0,0,0,0,0,1
Mycosphaerella Mycosphaerella_suttonii,0,0,0,0,0,0,0,1
Varicosporium unidentified,0,0,0,0,0,0,0,1
Nectria Nectria_zangii,0,0,0,0,0,0,0,1
Cora Cora_setosa,0,0,0,0,0,0,0,1
Candida Candida_quercitrusa,0,0,0,0,0,0,0,1
Talaromyces unidentified,1,0,0,0,0,0,0,0
Megasporoporia Megasporoporia_setulosa,0,0,0,0,0,0,0,1
Phanerochaete Phanerochaete_galactites,0,0,0,0,0,0,0,1
Paraconiothyrium Paraconiothyrium_archidendri,0,0,0,0,0,0,0,1
Dibaeis Dibaeis_absoluta,0,0,0,0,0,0,0,1
Hysterangium Hysterangium_thwaitesii,0,0,0,0,0,0,0,1
Hygrocybe Hygrocybe_mucronella,0,0,0,0,0,0,0,1
Leohumicola Leohumicola_minima,0,0,0,0,0,0,0,1
Stephanospora Stephanospora_aorangi,0,0,0,0,0,0,0,1
Arthrocladium Arthrocladium_caudatum,0,0,0,0,0,0,0,1
Yamadazyma unidentified,0,0,0,0,0,0,0,1
Dicyma Dicyma_funiculosa,0,0,0,0,0,0,0,1
Lycoperdon Lycoperdon_pyriforme,1,0,0,0,0,0,0,0
Geastrum Geastrum_triplex,0,0,0,0,0,0,0,1
Geastrum Geastrum_flexuosum,0,0,0,0,0,0,0,1
Trametes Trametes_elegans,0,0,0,0,0,0,0,1
Geastrum Geastrum_pectinatum,0,0,0,0,0,0,0,1
Gymnopus Gymnopus_fibrosipes,0,0,0,0,0,0,0,1
Chaetomium Chaetomium_homopilatum,0,0,0,0,0,0,0,1
Lambertella Lambertella_palmeri,0,0,0,0,0,0,0,1
Gyroporus Gyroporus_purpurinus,0,0,0,0,0,0,0,1
Hygrocybe Hygrocybe_nitrata,0,0,0,0,0,0,0,1
Diaporthe Diaporthe_mayteni,1,0,0,0,0,0,0,0
Inocybe Inocybe_epidendron,0,0,0,0,0,0,0,1
Scedosporium Scedosporium_minutisporum,0,0,0,0,0,0,0,1
Capnodium Capnodium_coffeae,1,0,0,0,0,0,0,0
Phylliscum Phylliscum_demangeonii,0,0,0,0,0,0,0,1
Hannaella Hannaella_kunmingensis,0,0,0,0,0,0,0,1
Amaurodon Amaurodon_sumatranus,0,0,0,0,0,0,0,1
Teratosphaeria Teratosphaeria_xenocryptica,0,0,0,0,0,0,0,1
Penicillium Penicillium_citrinum,0,0,0,0,0,0,0,1
Micropsalliota Micropsalliota_rubrobrunnescens,0,0,0,0,0,0,0,1
Syzygospora unidentified,0,0,0,0,0,0,0,1
Myrmecridium Myrmecridium_obovoideum,0,0,0,0,0,0,0,1
Aspergillus Aspergillus_saccharolyticus,0,0,0,0,0,0,0,1
Fusarium Fusarium_cicatricum,0,0,0,0,0,0,0,1
Dothiora Dothiora_cannabinae,0,0,0,0,0,0,0,1
Cystobasidium Cystobasidium_oligophagum,0,0,0,0,0,0,0,1
Trichoderma Trichoderma_parepimyces,0,0,0,0,0,0,0,1
Mycena Mycena_abramsii,0,0,0,0,0,0,1,0
Elaphomyces Elaphomyces_anthracinus,1,0,0,0,0,0,0,0
Phallus Phallus_rugulosus,0,0,0,0,0,0,1,0
Saitozyma Saitozyma_podzolica,0,0,0,0,0,0,1,0
Hypomyces Hypomyces_australasiaticus,1,0,0,0,0,0,0,0
Trichoderma Trichoderma_crystalligenum,0,0,0,0,0,0,1,0
Rosellinia Rosellinia_buxi,0,0,0,0,0,0,1,0
Amanita Amanita_cruzii,0,0,0,0,0,0,1,0
Lecanicillium Lecanicillium_antillanum,1,0,0,0,0,0,0,0
Savoryella Savoryella_longispora,0,0,0,0,0,0,1,0
Kappamyces Kappamyces_laurelensis,0,0,0,0,0,0,1,0
Talaromyces Talaromyces_chlorolomus,1,0,0,0,0,0,0,0
Septoria Septoria_cretae,0,0,0,0,0,0,1,0
Talaromyces Talaromyces_kendrickii,0,0,0,0,0,0,1,0
Rhodosporidiobolus Rhodosporidiobolus_ruineniae,0,0,0,0,0,0,1,0
Buckleyzyma Buckleyzyma_aurantiaca,0,0,0,0,0,0,1,0
Geastrum Geastrum_berkeleyi,0,0,0,0,0,0,1,0
Psathyrella Psathyrella_olympiana,0,0,0,0,0,0,1,0
Xylaria Xylaria_feejeensis,0,0,0,0,0,0,1,0
Neoacanthostigma unidentified,1,0,0,0,0,0,0,0
Tylopilus Tylopilus_microsporus,0,0,0,0,0,0,1,0
Septofusidium Septofusidium_herbarum,1,0,0,0,0,0,0,0
Diaporthe Diaporthe_saccarata,0,0,0,0,0,0,1,0
Lindtneria Lindtneria_flava,0,0,0,0,0,0,1,0
Spirosphaera Spirosphaera_floriformis,0,0,0,0,0,0,1,0
Botrytis Botrytis_porri,1,0,0,0,0,0,0,0
Pseudocercospora Pseudocercospora_luzardii,0,0,0,0,0,0,1,0
Hygrocybe Hygrocybe_flavescens,0,0,0,0,0,0,1,0
Auricularia Auricularia_cornea,0,0,0,0,0,0,1,0
Coniosporium Coniosporium_uncinatum,0,0,0,0,0,0,1,0
Polyblastia Polyblastia_schisticola,0,0,0,0,0,0,1,0
Coniella Coniella_fragariae,0,0,0,0,0,0,1,0
Roussoella Roussoella_nitidula,0,0,0,0,0,0,1,0
Perenniporia Perenniporia_russeimarginata,0,0,0,0,0,0,1,0
Sarocladium Sarocladium_hominis,0,0,0,0,0,0,1,0
Gloiothele Gloiothele_citrina,0,0,0,0,0,0,1,0
Valsalnicola Valsalnicola_oxystoma,0,0,0,0,0,0,1,0
Leucoagaricus Leucoagaricus_asiaticus,0,0,0,0,0,0,1,0
Aquasubmersa Aquasubmersa_japonica,0,0,0,0,0,0,1,0
Metarhizium Metarhizium_blattodeae,0,0,0,0,0,0,1,0
Xylaria Xylaria_mellissii,0,0,0,0,0,0,1,0
Neoacanthostigma Neoacanthostigma_septoconstrictum,0,0,0,0,0,0,1,0
Wallemia Wallemia_canadensis,0,0,0,0,0,0,1,0
Gerhardtia Gerhardtia_borealis,0,0,0,0,0,0,1,0
Tomentella Tomentella_beaverae,0,0,0,0,0,0,1,0
Coralloidiomyces Coralloidiomyces_digitatus,0,0,0,0,0,0,1,0
Microsporomyces Microsporomyces_pini,0,0,0,0,0,0,1,0
Volutella Volutella_lini,0,0,0,0,0,0,1,0
Psathyrella Psathyrella_squarrosiceps,0,0,0,0,0,0,1,0
Dufourea Dufourea_alexanderbaai,0,0,0,0,0,0,1,0
Aspergillus Aspergillus_itaconicus,0,0,0,0,0,0,1,0
Sarocladium Sarocladium_spinificis,0,0,0,0,0,0,1,0
Penicillium Penicillium_levitum,1,0,0,0,0,0,0,0
Candida Candida_metapsilosis,0,0,0,0,0,0,1,0
Berkleasmium unidentified,0,0,0,0,0,0,1,0
Didymella Didymella_chenopodii,0,0,0,0,0,0,1,0
Lecanicillium unidentified,0,0,0,0,0,0,1,0
Coprinopsis Coprinopsis_villosa,0,0,0,0,0,0,1,0
Auricularia Auricularia_orientalis,0,0,0,0,0,0,1,0
Remototrachyna Remototrachyna_dodapetta,0,0,0,0,0,0,1,0
Colletotrichum Colletotrichum_echinochloae,0,0,0,0,0,0,1,0
Milospium Milospium_graphideorum,0,0,0,0,0,0,1,0
Taiwanofungus Taiwanofungus_salmoneus,0,1,0,0,0,0,0,0
Rheubarbariboletus Rheubarbariboletus_armeniacus,0,1,0,0,0,0,0,0
Stagonosporopsis Stagonosporopsis_actaeae,0,0,0,1,0,0,0,0
Hannaella Hannaella_siamensis,0,0,0,1,0,0,0,0
Curvularia Curvularia_eragrostidis,0,0,0,1,0,0,0,0
Megalaria Megalaria_grossa,0,0,0,1,0,0,0,0
Apiotrichum Apiotrichum_gamsii,0,0,0,1,0,0,0,0
Yamadazyma Yamadazyma_nakazawae,0,0,0,1,0,0,0,0
Penicillium Penicillium_pimiteouiense,0,1,0,0,0,0,0,0
Fulvoflamma Fulvoflamma_eucalypti,0,0,0,1,0,0,0,0
Sidera unidentified,1,0,0,0,0,0,0,0
Panus Panus_conchatus,0,0,0,1,0,0,0,0
Guignardia unidentified,0,0,0,1,0,0,0,0
Neodevriesia Neodevriesia_pakbiae,0,0,0,1,0,0,0,0
Derxomyces Derxomyces_simaoensis,0,0,0,1,0,0,0,0
Phaeosphaeria Phaeosphaeria_triglochinicola,0,0,0,1,0,0,0,0
Corticium Corticium_confine,0,1,0,0,0,0,0,0
Pseudoasteromassaria Pseudoasteromassaria_fagi,1,0,0,0,0,0,0,0
Sclerotium Sclerotium_coffeicola,0,0,1,0,0,0,0,0
Hazslinszkyomyces Hazslinszkyomyces_aloes,0,1,0,0,0,0,0,0
Funalia Funalia_floccosa,1,0,0,0,0,0,0,0
Camarosporium unidentified,1,0,0,0,0,0,0,0
Aspergillus Aspergillus_stromatoides,0,0,1,0,0,0,0,0
Hygrocybe Hygrocybe_intermedia,0,0,0,1,0,0,0,0
Austroboletus Austroboletus_fusisporus,1,0,0,0,0,0,0,0
Daldinia Daldinia_caldariorum,0,0,1,0,0,0,0,0
Amanita Amanita_eucalypti,0,0,1,0,0,0,0,0
Aspergillus Aspergillus_brunneouniseriatus,0,1,0,0,0,0,0,0
Aspergillus Aspergillus_caninus,1,0,0,0,0,0,0,0
Alternariaster Alternariaster_bidentis,0,1,0,0,0,0,0,0
Chlorencoelia Chlorencoelia_versiformis,1,0,0,0,0,0,0,0
Zasmidium Zasmidium_syzygii,1,0,0,0,0,0,0,0
Xenasma Xenasma_tulasnelloideum,0,0,0,1,0,0,0,0
Aspergillus Aspergillus_halophilicus,0,1,0,0,0,0,0,0
Psathyrella Psathyrella_scatophila,0,0,0,1,0,0,0,0
Candida Candida_smithsonii,0,0,0,1,0,0,0,0
Elytroderma Elytroderma_deformans,0,0,0,1,0,0,0,0
Didymella Didymella_urticicola,1,0,0,0,0,0,0,0
Semifissispora Semifissispora_natalis,0,1,0,0,0,0,0,0
Sedecimiella Sedecimiella_taiwanensis,0,0,0,1,0,0,0,0
Pertusaria Pertusaria_astomoides,1,0,0,0,0,0,0,0
Minutisphaera Minutisphaera_japonica,0,0,0,1,0,0,0,0
Cladia Cladia_tasmanica,0,0,0,1,0,0,0,0
Wallemia Wallemia_tropicalis,0,0,0,1,0,0,0,0
Hohenbuehelia Hohenbuehelia_tremula,0,1,0,0,0,0,0,0
Rasamsonia Rasamsonia_cylindrospora,0,0,0,1,0,0,0,0
Coprinopsis Coprinopsis_musae,1,0,0,0,0,0,0,0
Leptoxyphium Leptoxyphium_madagascariense,1,0,0,0,0,0,0,0
Goffeauzyma unidentified,1,0,0,0,0,0,0,0
Geoglossum Geoglossum_geesterani,0,0,0,1,0,0,0,0
Filobasidium unidentified,0,0,0,1,0,0,0,0
Hypoxylon Hypoxylon_polyporus,0,0,0,1,0,0,0,0
Phoma Phoma_crystallifera,0,1,0,0,0,0,0,0
Psathyrella Psathyrella_sulcatotuberculosa,0,0,0,1,0,0,0,0
Lepiota Lepiota_himalayensis,0,0,0,1,0,0,0,0
Fusarium unidentified,0,0,0,1,0,0,0,0
Mortierella Mortierella_antarctica,0,1,0,0,0,0,0,0
Delastria Delastria_rosea,0,0,0,1,0,0,0,0
Dufourea Dufourea_capensis,0,1,0,0,0,0,0,0
Papiliotrema Papiliotrema_laurentii,0,0,0,1,0,0,0,0
Penicillium Penicillium_cinerascens,0,1,0,0,0,0,0,0
Morosphaeria Morosphaeria_velatispora,0,0,1,0,0,0,0,0
Acremoniopsis Acremoniopsis_suttonii,0,0,1,0,0,0,0,0
Trichosporon Trichosporon_asahii,0,0,1,0,0,0,0,0
Pleospora unidentified,0,0,1,0,0,0,0,0
Brigantiaea Brigantiaea_ferruginea,0,0,1,0,0,0,0,0
Vermispora Vermispora_fusarina,0,0,1,0,0,0,0,0
Calceomyces Calceomyces_lacunosus,1,0,0,0,0,0,0,0
Inocephalus Inocephalus_murrayi,0,0,1,0,0,0,0,0
Coprinellus Coprinellus_xanthothrix,0,1,0,0,0,0,0,0
Oblongocollomyces Oblongocollomyces_variabilis,0,0,1,0,0,0,0,0
Dictyocheirospora Dictyocheirospora_garethjonesii,0,0,1,0,0,0,0,0
Protrudomyces Protrudomyces_lateralis,0,0,1,0,0,0,0,0
Pirottaea Pirottaea_palmicola,0,0,1,0,0,0,0,0
Caloplaca Caloplaca_alociza,0,0,1,0,0,0,0,0
Irpex Irpex_hacksungii,0,0,1,0,0,0,0,0
Sebacina Sebacina_flagelliformis,0,0,1,0,0,0,0,0
Hyphopichia Hyphopichia_heimii,0,0,1,0,0,0,0,0
Sarcogyne Sarcogyne_distinguenda,0,0,1,0,0,0,0,0
Leohumicola Leohumicola_lenta,1,0,0,0,0,0,0,0
Heterospora Heterospora_chenopodii,1,0,0,0,0,0,0,0
Entoloma Entoloma_petchii,0,0,1,0,0,0,0,0
Cladophialophora Cladophialophora_boppii,0,0,1,0,0,0,0,0
Thanatephorus Thanatephorus_cucumeris,0,0,1,0,0,0,0,0
Kellermania Kellermania_agaves,0,0,1,0,0,0,0,0
Pleurotus Pleurotus_giganteus,0,0,1,0,0,0,0,0
Clavulina Clavulina_tepurumenga,0,0,1,0,0,0,0,0
Curvularia Curvularia_alcornii,0,0,1,0,0,0,0,0
Purpureocillium unidentified,0,0,1,0,0,0,0,0
Gymnopus Gymnopus_fuscotramus,0,0,1,0,0,0,0,0
Fusarium Fusarium_buharicum,0,0,1,0,0,0,0,0
Sphenorchidium Sphenorchidium_deightonii,0,0,1,0,0,0,0,0
Microascus Microascus_cinereus,0,1,0,0,0,0,0,0
Clavulina Clavulina_nigricans,0,0,1,0,0,0,0,0
Aspergillus Aspergillus_aculeatus,0,0,1,0,0,0,0,0
Piptoporus Piptoporus_soloniensis,0,0,1,0,0,0,0,0
Aspergillus Aspergillus_avenaceus,0,1,0,0,0,0,0,0
Leucosporidium Leucosporidium_intermedium,0,0,1,0,0,0,0,0
Rhizochaete Rhizochaete_filamentosa,0,0,1,0,0,0,0,0
Postia Postia_punctata,1,0,0,0,0,0,0,0
Cryphonectria Cryphonectria_radicalis,0,0,1,0,0,0,0,0
Plenodomus Plenodomus_agnitus,0,0,1,0,0,0,0,0
Phellinocrescentia Phellinocrescentia_guianensis,0,0,1,0,0,0,0,0
Hypoxylon Hypoxylon_lenormandii,0,0,1,0,0,0,0,0
Saccharomycopsis Saccharomycopsis_guyanensis,0,0,1,0,0,0,0,0
Capronia Capronia_epimyces,0,1,0,0,0,0,0,0
Candida Candida_viswanathii,0,1,0,0,0,0,0,0
Aspergillus Aspergillus_ibericus,0,0,1,0,0,0,0,0
Aspergillus Aspergillus_neobridgeri,0,0,1,0,0,0,0,0
Aspergillus Aspergillus_pseudoelegans,0,1,0,0,0,0,0,0
Gloioxanthomyces Gloioxanthomyces_vitellinus,0,0,1,0,0,0,0,0
Entoloma Entoloma_turci,1,0,0,0,0,0,0,0
Patinella Patinella_hyalophaea,0,0,1,0,0,0,0,0
Eupenidiella Eupenidiella_venezuelensis,0,0,1,0,0,0,0,0
Queenslandipenidiella Queenslandipenidiella_kurandae,0,0,1,0,0,0,0,0
Mycosphaerella Mycosphaerella_cryptica,0,1,0,0,0,0,0,0
Flavodon unidentified,0,0,1,0,0,0,0,0
Guehomyces Guehomyces_pullulans,0,1,0,0,0,0,0,0
Biatora Biatora_helvola,0,0,1,0,0,0,0,0
Curvularia Curvularia_subpapendorfii,0,0,1,0,0,0,0,0
Aspergillus Aspergillus_subramanianii,0,0,1,0,0,0,0,0
Protoblastenia Protoblastenia_lilacina,0,0,1,0,0,0,0,0
Menegazzia unidentified,0,0,0,1,0,0,0,0
Umbilicaria Umbilicaria_sp,0,0,0,0,1,0,0,0
Arthrobotrys Arthrobotrys_vermicola,0,0,0,0,1,0,0,0
Aspergillus Aspergillus_flaschentraegeri,0,0,0,0,1,0,0,0
Talaromyces Talaromyces_muroii,1,0,0,0,0,0,0,0
Roussoella Roussoella_hysterioides,1,0,0,0,0,0,0,0
Exidia Exidia_candida,0,0,0,0,1,0,0,0
Apiotrichum Apiotrichum_laibachii,0,1,0,0,0,0,0,0
Stachybotrys Stachybotrys_eucylindrospora,0,0,0,0,1,0,0,0
Coleosporium Coleosporium_cimicifugatum,0,0,0,0,1,0,0,0
Penicillium Penicillium_coffeae,0,0,0,0,1,0,0,0
Chaetomium Chaetomium_elatum,0,0,0,0,1,0,0,0
Orbilia Orbilia_carpoboloides,0,0,0,0,1,0,0,0
Podospora Podospora_inflatula,0,1,0,0,0,0,0,0
Beltraniopsis Beltraniopsis_neolitseae,0,0,0,0,1,0,0,0
Aspergillus Aspergillus_biplanus,0,0,0,0,1,0,0,0
Penicillium Penicillium_malacaense,0,0,0,0,1,0,0,0
Auricularia Auricularia_mesenterica,0,1,0,0,0,0,0,0
Ophiocordyceps Ophiocordyceps_coenomyiae,0,0,0,0,1,0,0,0
Pyrgillus Pyrgillus_javanicus,0,0,0,0,1,0,0,0
Fomitopsis Fomitopsis_niveomarginata,0,0,0,0,1,0,0,0
Sparassis Sparassis_spathulata,0,0,0,0,1,0,0,0
Lycoperdon Lycoperdon_mammiforme,0,0,0,0,1,0,0,0
Endoconidiophora Endoconidiophora_resinifera,0,1,0,0,0,0,0,0
Valsonectria Valsonectria_pulchella,0,0,0,0,1,0,0,0
Cystobasidium Cystobasidium_pinicola,0,0,0,0,1,0,0,0
Lophodermium Lophodermium_indianum,0,0,0,0,1,0,0,0
Exidia unidentified,0,0,0,0,1,0,0,0
Cordyceps Cordyceps_tuberculata,0,1,0,0,0,0,0,0
Fusarium Fusarium_venenatum,0,0,0,0,1,0,0,0
Hygrophorus Hygrophorus_latitabundus,0,1,0,0,0,0,0,0
Sarocladium Sarocladium_zeae,0,0,0,0,1,0,0,0
Pseudeurotium Pseudeurotium_ovale,0,0,0,0,1,0,0,0
Podospora unidentified,0,1,0,0,0,0,0,0
Mortierella Mortierella_armillariicola,0,0,0,0,1,0,0,0
Auriculoscypha Auriculoscypha_anacardiicola,0,0,0,0,1,0,0,0
Biatora Biatora_efflorescens,0,0,0,0,1,0,0,0
Podospora Podospora_fabiformis,0,1,0,0,0,0,0,0
Agaricus Agaricus_andrewii,0,0,0,0,1,0,0,0
Acremonium Acremonium_alternatum,0,0,0,0,1,0,0,0
Diaporthe Diaporthe_isoberliniae,0,0,0,0,1,0,0,0
Astraeus Astraeus_odoratus,1,0,0,0,0,0,0,0
Gibberella Gibberella_baccata,0,0,0,0,1,0,0,0
Podosphaera Podosphaera_astericola,0,1,0,0,0,0,0,0
Aspergillus Aspergillus_glaucus,0,0,0,0,1,0,0,0
Cordyceps Cordyceps_diapheromeriphila,1,0,0,0,0,0,0,0
Phaeoacremonium Phaeoacremonium_luteum,0,1,0,0,0,0,0,0
Filobasidium Filobasidium_stepposum,0,0,0,0,1,0,0,0
Boeremia Boeremia_sambuci-nigrae,1,0,0,0,0,0,0,0
Arizonaphlyctis Arizonaphlyctis_lemmonensis,1,0,0,0,0,0,0,0
Saksenaea unidentified,0,1,0,0,0,0,0,0
Cystofilobasidium Cystofilobasidium_infirmominiatum,0,1,0,0,0,0,0,0
Xylaria Xylaria_regalis,0,0,0,0,1,0,0,0
Apiotrichum Apiotrichum_sporotrichoides,0,0,0,0,1,0,0,0
Hypochnicium Hypochnicium_michelii,0,0,0,0,1,0,0,0
Quambalaria Quambalaria_simpsonii,0,0,0,0,1,0,0,0
Lecanicillium Lecanicillium_kalimantanense,0,0,0,0,1,0,0,0
Gymnopilus Gymnopilus_punctifolius,0,0,0,0,1,0,0,0
Antrodia Antrodia_sandaliae,1,0,0,0,0,0,0,0
Calcarisporiella Calcarisporiella_thermophila,1,0,0,0,0,0,0,0
Torulaspora Torulaspora_pretoriensis,0,0,0,0,1,0,0,0
Retroconis Retroconis_fusiformis,0,0,0,0,1,0,0,0
Scleroderma Scleroderma_xanthochroum,0,1,0,0,0,0,0,0
Calongea Calongea_prieguensis,0,1,0,0,0,0,0,0
Lyophyllum Lyophyllum_pseudosinuatum,0,0,0,1,0,0,0,0
Vishniacozyma Vishniacozyma_carnescens,0,0,0,1,0,0,0,0
Hydnocristella Hydnocristella_himantia,0,0,0,1,0,0,0,0
Mycena Mycena_albidoaquosa,0,0,0,1,0,0,0,0
Aspergillus Aspergillus_cervinus,0,0,0,1,0,0,0,0
Rhodotorula Rhodotorula_araucariae,0,1,0,0,0,0,0,0
Meira unidentified,0,0,0,1,0,0,0,0
Thielavia Thielavia_subthermophila,0,0,0,1,0,0,0,0
Paraphoma unidentified,0,0,0,1,0,0,0,0
Volvopluteus Volvopluteus_earlei,0,1,0,0,0,0,0,0
Lentinellus Lentinellus_tridentinus,0,0,0,1,0,0,0,0
Ascosphaera Ascosphaera_apis,0,0,0,1,0,0,0,0
Neopaxillus Neopaxillus_dominicanus,0,1,0,0,0,0,0,0
Aspergillus Aspergillus_homomorphus,1,0,0,0,0,0,0,0
Rasamsonia Rasamsonia_pulvericola,0,0,0,1,0,0,0,0
Byssochlamys Byssochlamys_lagunculariae,0,0,0,1,0,0,0,0
Acremonium Acremonium_curvulum,0,0,0,1,0,0,0,0
Hyphodermella Hyphodermella_corrugata,0,0,0,1,0,0,0,0
Articulospora Articulospora_proliferata,0,1,0,0,0,0,0,0
Phlebiporia Phlebiporia_bubalina,1,0,0,0,0,0,0,0
Diaporthe Diaporthe_lusitanicae,0,1,0,0,0,0,0,0
Protoparmelia Protoparmelia_badia,0,0,0,1,0,0,0,0
Clonostachys Clonostachys_chlorina,0,1,0,0,0,0,0,0
Diaporthe Diaporthe_passiflorae,0,0,0,1,0,0,0,0
Bipolaris Bipolaris_melinidis,0,1,0,0,0,0,0,0
Pseudallescheria Pseudallescheria_fusoidea,0,0,0,1,0,0,0,0
Occultifur Occultifur_externus,0,0,0,1,0,0,0,0
Abundisporus Abundisporus_fuscopurpureus,0,1,0,0,0,0,0,0
Paraconiothyrium unidentified,1,0,0,0,0,0,0,0
Corallonectria Corallonectria_jatrophae,0,1,0,0,0,0,0,0
Talaromyces Talaromyces_udagawae,0,1,0,0,0,0,0,0
Hyphodermella unidentified,0,0,0,1,0,0,0,0
Thielavia Thielavia_kuwaitensis,0,0,0,1,0,0,0,0
Cutaneotrichosporon Cutaneotrichosporon_dermatis,0,0,0,1,0,0,0,0
Moesziomyces Moesziomyces_bullatus,0,0,0,1,0,0,0,0
unidentified Filobasidiales_sp,0,0,0,0,1,0,0,0
Chaetopsina Chaetopsina_pinicola,0,1,0,0,0,0,0,0
Trichoderma Trichoderma_sinoluteum,0,0,0,1,0,0,0,0
Pezicula unidentified,0,1,0,0,0,0,0,0
Pluteus Pluteus_ephebeus,0,0,0,1,0,0,0,0
Lecanicillium Lecanicillium_nodulosum,0,0,0,1,0,0,0,0
Porostereum unidentified,0,1,0,0,0,0,0,0
Peniophora Peniophora_pithya,0,0,0,1,0,0,0,0
Cladophialophora Cladophialophora_abundans,0,0,0,1,0,0,0,0
Macrohyporia Macrohyporia_dictyopora,0,1,0,0,0,0,0,0
Trichoderma Trichoderma_seppoi,0,1,0,0,0,0,0,0
Bionectria Bionectria_ralfsii,0,0,0,1,0,0,0,0
Clonostachys Clonostachys_intermedia,0,0,0,1,0,0,0,0
Auricularia Auricularia_brasiliana,0,0,0,1,0,0,0,0
Mycosphaerella Mycosphaerella_ulmi,0,0,0,1,0,0,0,0
Aspergillus Aspergillus_tamarii,0,0,0,1,0,0,0,0
Stagonosporopsis Stagonosporopsis_trachelii,0,0,0,1,0,0,0,0
Paludomyces Paludomyces_mangrovei,0,0,0,1,0,0,0,0
Astraeus Astraeus_morganii,0,0,0,1,0,0,0,0
Encoelia Encoelia_glauca,0,0,0,1,0,0,0,0
Saccharomyces Saccharomyces_cariocanus,0,1,0,0,0,0,0,0
Spiroplana Spiroplana_centripeta,0,0,0,1,0,0,0,0
Phaeophleospora Phaeophleospora_hymenocallidicola,0,1,0,0,0,0,0,0
Xylaria Xylaria_laevis,0,0,0,0,0,0,0,1
